CreditRisk,CreditHistory,CheckingAccount,SavingAccount,Age,Housing,Employment,JobSkill,OtherCreditFromUs,TotNumberCreditAccounts,OtherDebtors,Purpose,CreditAmount,RepaymentPercent
Good,VeryPoor,VeryLow,NoAccount,67,Own,YearsMore7,Skilled,None,2,None,Other,1169,0.04
Bad,Neutral,Low,VeryLow,22,Own,Years1_4,Skilled,None,1,None,Other,5951,0.02
Good,VeryPoor,NoAccount,VeryLow,49,Own,Years4_7,Unskilled,None,1,None,Education,2096,0.02
Good,Neutral,VeryLow,VeryLow,45,Other,Years4_7,Skilled,None,1,Guarantor,Other,7882,0.02
Bad,Poor,VeryLow,VeryLow,53,Other,Years1_4,Skilled,None,2,None,CarNew,4870,0.03
Good,Neutral,NoAccount,NoAccount,35,Other,Years1_4,Unskilled,None,1,None,Education,9055,0.02
Good,Neutral,NoAccount,Medium,53,Own,YearsMore7,Skilled,None,1,None,Other,2835,0.03
Good,Neutral,Low,VeryLow,35,Rent,Years1_4,HighlySkilled,None,1,None,CarUsed,6948,0.02
Good,Neutral,NoAccount,High,61,Own,Years4_7,Unskilled,None,1,None,Other,3059,0.02
Bad,VeryPoor,Low,VeryLow,28,Own,Unemployed,HighlySkilled,None,2,None,CarNew,5234,0.04
Bad,Neutral,Low,VeryLow,25,Rent,YearLess1,Skilled,None,1,None,CarNew,1295,0.03
Bad,Neutral,VeryLow,VeryLow,24,Rent,YearLess1,Skilled,None,1,None,Business,4308,0.03
Good,Neutral,Low,VeryLow,22,Own,Years1_4,Skilled,None,1,None,Other,1567,0.01
Bad,VeryPoor,VeryLow,VeryLow,60,Own,YearsMore7,Unskilled,None,2,None,CarNew,1199,0.04
Good,Neutral,VeryLow,VeryLow,28,Rent,Years1_4,Skilled,None,1,None,CarNew,1403,0.02
Bad,Neutral,VeryLow,Low,32,Own,Years1_4,Unskilled,None,1,None,Other,1282,0.04
Good,VeryPoor,NoAccount,NoAccount,53,Own,YearsMore7,Skilled,None,2,None,Other,2424,0.04
Good,VeryGood,VeryLow,NoAccount,25,Own,YearLess1,Skilled,BankCard,3,None,Business,8072,0.02
Bad,Neutral,Low,VeryLow,44,Other,YearsMore7,HighlySkilled,None,1,None,CarUsed,12579,0.04
Good,Neutral,NoAccount,Medium,31,Own,YearsMore7,Skilled,None,1,None,Other,3430,0.03
Good,VeryPoor,NoAccount,VeryLow,48,Own,Years1_4,Skilled,None,3,None,CarNew,2134,0.04
Good,Neutral,VeryLow,Medium,44,Rent,Years1_4,Skilled,None,1,None,Other,2647,0.02
Good,VeryPoor,VeryLow,VeryLow,48,Rent,YearLess1,Unskilled,None,2,None,CarNew,2241,0.01
Good,VeryPoor,Low,Low,44,Own,YearLess1,Skilled,None,1,None,CarUsed,1804,0.03
Good,VeryPoor,NoAccount,NoAccount,26,Own,Years1_4,Skilled,None,2,None,Other,2069,0.02
Good,Neutral,VeryLow,VeryLow,36,Own,Years1_4,Unskilled,BankCard,1,None,Other,1374,0.01
Good,VeryGood,NoAccount,VeryLow,39,Own,YearsMore7,Unskilled,None,1,None,Other,426,0.04
Good,Good,High,High,42,Rent,Years1_4,Skilled,None,2,None,Other,409,0.03
Good,Neutral,Low,VeryLow,34,Own,Years1_4,Skilled,None,1,Guarantor,Other,2415,0.03
Bad,Poor,VeryLow,VeryLow,63,Own,YearsMore7,Skilled,None,2,None,Business,6836,0.03
Good,Neutral,Low,High,36,Own,YearLess1,Skilled,BankCard,1,None,Business,1913,0.03
Good,Neutral,VeryLow,VeryLow,27,Own,Years1_4,Skilled,StoreCard,1,None,Other,4020,0.02
Good,Neutral,Low,Low,30,Own,Years1_4,Skilled,None,2,None,CarNew,5866,0.02
Good,VeryPoor,NoAccount,NoAccount,57,Rent,YearsMore7,Unskilled,None,1,None,Business,1264,0.04
Good,Neutral,High,VeryLow,33,Own,YearLess1,HighlySkilled,BankCard,1,None,Other,1474,0.04
Bad,VeryPoor,Low,VeryLow,25,Own,YearLess1,Unskilled,None,2,None,Other,4746,0.04
Good,VeryPoor,NoAccount,VeryLow,31,Other,Years1_4,Skilled,BankCard,1,None,Education,6110,0.01
Bad,Neutral,High,VeryLow,37,Own,Years1_4,Skilled,StoreCard,1,CoApplicant,Other,2100,0.04
Good,Neutral,High,VeryLow,37,Own,Years1_4,Skilled,None,1,None,Other,1225,0.02
Good,Neutral,Low,VeryLow,24,Own,Years1_4,Skilled,None,1,None,Other,458,0.04
Good,Neutral,NoAccount,Medium,30,Own,YearsMore7,HighlySkilled,BankCard,1,None,Other,2333,0.04
Good,Neutral,Low,Medium,26,Own,Years1_4,Skilled,None,1,None,Other,1158,0.03
Good,Poor,Low,VeryLow,44,Own,Years1_4,Unskilled,None,1,None,Repairs,6204,0.02
Good,VeryPoor,VeryLow,Low,24,Rent,Years4_7,Skilled,None,2,None,CarUsed,6187,0.01
Bad,VeryPoor,VeryLow,VeryLow,58,Other,YearsMore7,Unskilled,StoreCard,2,None,CarUsed,6143,0.04
Good,VeryPoor,NoAccount,VeryLow,35,Own,YearLess1,HighlySkilled,None,2,None,CarNew,1393,0.04
Good,Neutral,NoAccount,Medium,39,Own,YearsMore7,Skilled,None,1,None,Other,2299,0.04
Good,Neutral,VeryLow,Medium,23,Rent,Unemployed,Unemployed,None,1,None,CarUsed,1352,0.01
Good,VeryPoor,NoAccount,VeryLow,39,Own,Years1_4,Unskilled,None,2,None,CarNew,7228,0.01
Good,Neutral,NoAccount,Low,28,Own,Years1_4,Skilled,None,1,CoApplicant,Other,2073,0.04
Good,Poor,Low,NoAccount,29,Own,YearLess1,Unskilled,BankCard,1,None,Other,2333,0.04
Good,Poor,Low,VeryLow,30,Own,YearsMore7,HighlySkilled,None,2,None,CarUsed,5965,0.01
Good,Neutral,NoAccount,VeryLow,25,Own,Years1_4,Skilled,None,1,None,Other,1262,0.03
Good,Neutral,NoAccount,NoAccount,31,Own,Years1_4,Skilled,None,1,None,CarUsed,3378,0.02
Bad,Poor,Low,VeryLow,57,Other,YearsMore7,Skilled,BankCard,2,None,CarNew,2225,0.04
Good,Good,NoAccount,NoAccount,26,Own,Years1_4,Unskilled,StoreCard,1,Guarantor,CarNew,783,0.01
Bad,Neutral,Low,NoAccount,52,Own,Unemployed,HighlySkilled,None,1,None,Other,6468,0.02
Good,VeryPoor,NoAccount,VeryLow,31,Own,Years1_4,Skilled,StoreCard,2,None,Other,9566,0.02
Good,Neutral,High,VeryLow,23,Own,YearsMore7,HighlySkilled,None,1,None,CarNew,1961,0.03
Bad,VeryPoor,VeryLow,VeryLow,23,Rent,YearLess1,Unskilled,None,2,CoApplicant,Other,6229,0.04
Good,Neutral,Low,VeryLow,27,Own,Years1_4,Skilled,BankCard,1,None,Business,1391,0.02
Good,VeryPoor,Low,NoAccount,50,Own,YearsMore7,Skilled,None,2,Guarantor,Other,1537,0.04
Bad,VeryGood,Low,VeryLow,61,Other,YearsMore7,HighlySkilled,None,1,None,Business,1953,0.04
Bad,VeryGood,Low,VeryLow,25,Own,Years1_4,Skilled,None,1,None,Business,14421,0.02
Good,Neutral,NoAccount,VeryLow,26,Own,YearLess1,Skilled,None,1,None,Other,3181,0.04
Good,Neutral,NoAccount,NoAccount,48,Own,YearsMore7,Skilled,None,4,None,Repairs,5190,0.04
Good,Neutral,NoAccount,VeryLow,29,Own,YearLess1,Skilled,BankCard,1,None,Other,2171,0.02
Good,Neutral,Low,High,22,Own,Years1_4,Skilled,None,1,None,CarNew,1007,0.04
Bad,Neutral,NoAccount,VeryLow,37,Other,Years1_4,Skilled,StoreCard,1,None,Education,1819,0.04
Good,Neutral,NoAccount,NoAccount,25,Own,Years1_4,Skilled,None,1,None,Other,2394,0.04
Good,Neutral,NoAccount,VeryLow,30,Own,Years1_4,Skilled,BankCard,1,None,CarUsed,8133,0.01
Good,VeryPoor,NoAccount,NoAccount,46,Rent,YearsMore7,Unskilled,None,2,None,Other,730,0.04
Good,VeryPoor,VeryLow,VeryLow,51,Other,YearsMore7,HighlySkilled,BankCard,2,None,Other,1164,0.03
Good,VeryPoor,Low,VeryLow,41,Own,Years4_7,Unskilled,BankCard,2,None,Business,5954,0.02
Bad,Neutral,VeryLow,NoAccount,40,Own,YearsMore7,HighlySkilled,None,1,None,Education,1977,0.04
Good,VeryPoor,VeryLow,VeryLow,66,Other,YearsMore7,HighlySkilled,None,2,None,CarUsed,1526,0.04
Bad,Neutral,VeryLow,VeryLow,34,Own,YearLess1,Skilled,None,1,None,Other,3965,0.04
Good,Poor,Low,VeryLow,51,Own,Years4_7,Skilled,None,1,None,Other,4771,0.02
Good,VeryGood,NoAccount,NoAccount,39,Own,Years1_4,Unskilled,None,1,None,CarUsed,9436,0.02
Good,Neutral,Low,VeryLow,22,Own,YearLess1,Skilled,None,1,None,Other,3832,0.02
Bad,Neutral,NoAccount,NoAccount,44,Own,YearLess1,Skilled,None,2,None,Other,5943,0.01
Good,Neutral,NoAccount,Medium,47,Own,YearsMore7,Skilled,StoreCard,1,None,Other,1213,0.04
Good,Neutral,NoAccount,Low,24,Rent,Years1_4,Unskilled,None,1,None,Business,1568,0.03
Good,Neutral,VeryLow,VeryLow,58,Own,YearsMore7,Unskilled,None,1,Guarantor,Other,1755,0.04
Good,Neutral,VeryLow,VeryLow,52,Own,YearsMore7,Unskilled,None,1,None,Other,2315,0.03
Good,VeryPoor,NoAccount,VeryLow,29,Own,Years1_4,HighlySkilled,None,2,Guarantor,Business,1412,0.04
Good,VeryPoor,Low,VeryLow,27,Own,YearLess1,Skilled,None,2,None,Other,1295,0.04
Bad,Neutral,Low,Low,47,Other,Years1_4,Skilled,None,1,None,Education,12612,0.01
Good,Neutral,VeryLow,Low,30,Own,Years4_7,HighlySkilled,None,1,None,CarNew,2249,0.04
Bad,VeryGood,VeryLow,VeryLow,28,Own,Years4_7,Skilled,None,2,None,Repairs,1108,0.04
Good,VeryPoor,NoAccount,VeryLow,56,Own,YearsMore7,Skilled,None,1,None,Other,618,0.04
Good,VeryPoor,VeryLow,VeryLow,54,Own,YearsMore7,Skilled,None,1,None,CarUsed,1409,0.04
Bad,VeryPoor,NoAccount,NoAccount,33,Own,YearsMore7,Unskilled,BankCard,1,None,Other,797,0.04
Good,VeryPoor,High,NoAccount,20,Rent,YearsMore7,Skilled,None,2,CoApplicant,Other,3617,0.04
Good,Neutral,Low,High,54,Own,YearsMore7,Skilled,None,1,None,CarNew,1318,0.04
Bad,VeryGood,Low,VeryLow,58,Rent,YearLess1,Skilled,None,1,None,Business,15945,0.03
Good,VeryPoor,NoAccount,NoAccount,61,Own,Years4_7,Skilled,None,1,None,Education,2012,0.04
Good,Neutral,Low,Low,34,Own,Years1_4,Skilled,None,1,None,Business,2622,0.04
Good,VeryPoor,Low,VeryLow,36,Own,YearsMore7,Skilled,None,1,None,Other,2337,0.04
Good,Poor,Low,NoAccount,36,Rent,Years4_7,HighlySkilled,BankCard,2,None,CarUsed,7057,0.03
Good,Neutral,NoAccount,Low,41,Rent,YearsMore7,Unskilled,None,1,None,CarNew,1469,0.04
Good,Neutral,Low,VeryLow,24,Rent,Years4_7,Skilled,None,1,None,Other,2323,0.04
Good,Poor,NoAccount,VeryLow,24,Own,Years1_4,Skilled,None,1,None,Other,932,0.03
Good,VeryPoor,Low,VeryLow,35,Rent,Years4_7,Skilled,None,1,None,Other,1919,0.04
Good,Neutral,NoAccount,NoAccount,26,Rent,YearLess1,Skilled,None,1,None,CarUsed,2445,0.02
Bad,VeryPoor,Low,VeryLow,39,Own,Years1_4,HighlySkilled,None,2,CoApplicant,Other,11938,0.02
Bad,Good,NoAccount,VeryLow,39,Own,YearsMore7,HighlySkilled,BankCard,2,None,CarNew,6458,0.02
Good,Neutral,Low,VeryLow,32,Own,Years4_7,Skilled,None,1,None,CarNew,6078,0.02
Good,Neutral,VeryLow,NoAccount,30,Own,YearLess1,Skilled,None,1,None,Other,7721,0.01
Good,Neutral,Low,Medium,35,Own,YearsMore7,Skilled,None,1,None,Business,1410,0.01
Good,Poor,Low,Low,31,Own,YearsMore7,Skilled,BankCard,2,None,Business,1449,0.01
Good,Neutral,High,VeryLow,23,Rent,YearLess1,Skilled,None,1,None,Education,392,0.04
Good,Neutral,Low,VeryLow,28,Rent,Years4_7,Unskilled,None,1,None,CarNew,6260,0.03
Bad,VeryPoor,NoAccount,VeryLow,25,Own,Years1_4,Skilled,StoreCard,2,None,CarNew,7855,0.04
Good,Neutral,VeryLow,Medium,35,Own,YearsMore7,Skilled,None,1,None,Other,1680,0.03
Good,VeryPoor,NoAccount,NoAccount,47,Own,YearsMore7,Skilled,None,1,None,Other,3578,0.04
Bad,Neutral,VeryLow,NoAccount,30,Own,Years4_7,HighlySkilled,None,1,None,Other,7174,0.04
Good,VeryPoor,VeryLow,NoAccount,27,Rent,YearLess1,Skilled,None,2,CoApplicant,Other,2132,0.02
Bad,VeryPoor,VeryLow,Medium,23,Own,Years1_4,Skilled,None,2,None,Other,4281,0.01
Good,VeryPoor,Low,Medium,36,Own,Years4_7,HighlySkilled,None,1,None,CarNew,2366,0.03
Bad,Neutral,VeryLow,VeryLow,25,Own,Years1_4,Skilled,None,2,None,Other,1835,0.03
Good,VeryPoor,NoAccount,VeryLow,41,Rent,YearsMore7,HighlySkilled,None,2,None,CarUsed,3868,0.04
Good,Neutral,NoAccount,VeryLow,24,Rent,Years1_4,Unskilled,None,1,None,Other,1768,0.03
Good,VeryPoor,High,VeryLow,63,Other,YearsMore7,Skilled,None,2,None,CarNew,781,0.04
Bad,Neutral,Low,NoAccount,27,Rent,YearLess1,Skilled,None,1,None,Other,1924,0.04
Good,VeryPoor,VeryLow,VeryLow,30,Own,Years1_4,Skilled,None,2,None,CarNew,2121,0.04
Good,Neutral,VeryLow,VeryLow,40,Own,Years1_4,Unskilled,None,1,None,Other,701,0.04
Bad,Neutral,Low,VeryLow,30,Own,Years1_4,Skilled,None,1,None,Repairs,639,0.04
Good,VeryPoor,Low,VeryLow,34,Own,Unemployed,HighlySkilled,None,2,None,CarUsed,1860,0.04
Bad,VeryPoor,VeryLow,VeryLow,29,Own,Years1_4,Skilled,None,2,CoApplicant,CarNew,3499,0.03
Good,Neutral,Low,NoAccount,24,Own,Years4_7,Skilled,None,1,None,CarNew,8487,0.01
Bad,Poor,VeryLow,VeryLow,29,Own,Years1_4,Skilled,StoreCard,1,None,Education,6887,0.04
Good,Neutral,NoAccount,VeryLow,27,Own,YearLess1,Unskilled,BankCard,2,None,Other,2708,0.02
Good,Neutral,NoAccount,VeryLow,47,Other,Years1_4,Skilled,BankCard,2,None,Other,1984,0.04
Good,Neutral,NoAccount,Low,21,Own,Years4_7,Skilled,None,1,None,Other,10144,0.02
Good,VeryPoor,NoAccount,NoAccount,38,Own,YearsMore7,Skilled,None,2,None,Other,1240,0.04
Good,Poor,NoAccount,High,27,Own,Years1_4,Skilled,None,2,None,CarUsed,8613,0.02
Bad,Neutral,Low,Medium,66,Own,Years1_4,Unskilled,None,1,None,Other,766,0.04
Good,VeryPoor,Low,NoAccount,35,Own,Years4_7,Skilled,BankCard,3,Guarantor,Other,2728,0.04
Good,Neutral,High,VeryLow,44,Rent,Years1_4,Unskilled,None,1,None,Other,1881,0.02
Good,Neutral,High,High,27,Own,YearLess1,Unemployed,None,1,None,CarNew,709,0.02
Good,Neutral,Low,VeryLow,30,Own,YearLess1,HighlySkilled,None,1,None,Other,4795,0.04
Good,Neutral,VeryLow,VeryLow,27,Own,Years1_4,HighlySkilled,None,1,None,Other,3416,0.03
Bad,Neutral,VeryLow,VeryLow,22,Own,Years1_4,Skilled,None,1,None,Other,2462,0.02
Good,VeryPoor,NoAccount,VeryLow,23,Own,YearLess1,Skilled,None,1,None,Other,2288,0.04
Good,Good,Low,Low,30,Own,Years4_7,Skilled,None,1,None,Business,3566,0.04
Good,VeryPoor,VeryLow,VeryLow,39,Own,YearsMore7,Skilled,None,2,None,CarNew,860,0.01
Good,VeryPoor,NoAccount,Low,51,Own,Years4_7,Skilled,None,2,None,CarNew,682,0.04
Good,VeryPoor,VeryLow,VeryLow,28,Own,Years1_4,Skilled,None,2,Guarantor,Other,5371,0.03
Good,VeryPoor,NoAccount,High,46,Own,YearsMore7,Skilled,None,2,None,Other,1582,0.04
Good,Neutral,NoAccount,Low,42,Other,YearsMore7,Skilled,BankCard,1,None,Other,1346,0.02
Good,Neutral,NoAccount,VeryLow,38,Own,Years1_4,Skilled,None,1,None,Other,1924,0.01
Good,Neutral,High,VeryLow,24,Own,Years1_4,Skilled,None,1,None,Other,5848,0.04
Good,VeryPoor,Low,High,29,Rent,YearsMore7,Skilled,None,1,None,CarUsed,7758,0.02
Good,Poor,Low,Low,36,Rent,Years4_7,HighlySkilled,None,1,None,Business,6967,0.04
Bad,Neutral,VeryLow,VeryLow,20,Rent,Years1_4,Skilled,None,1,None,Other,1282,0.02
Good,VeryPoor,VeryLow,Low,48,Own,YearsMore7,Skilled,None,2,Guarantor,Repairs,1288,0.03
Good,Good,VeryLow,VeryLow,45,Own,YearsMore7,Unskilled,BankCard,1,None,Education,339,0.04
Good,Neutral,Low,Low,38,Own,Years4_7,Skilled,BankCard,2,None,CarNew,3512,0.02
Good,VeryPoor,NoAccount,NoAccount,34,Own,Years1_4,Unskilled,None,2,None,Other,1898,0.01
Good,VeryPoor,NoAccount,Low,36,Own,YearsMore7,Skilled,None,1,None,Other,2872,0.03
Good,VeryPoor,NoAccount,VeryLow,30,Own,YearLess1,Skilled,None,2,None,CarNew,1055,0.04
Good,Neutral,NoAccount,Medium,36,Own,Years4_7,Skilled,None,2,None,Other,1262,0.04
Good,Neutral,Low,VeryLow,70,Other,Unemployed,HighlySkilled,BankCard,1,None,CarNew,7308,0.02
Good,Neutral,NoAccount,Medium,36,Own,YearsMore7,Skilled,None,1,None,CarNew,909,0.04
Good,Neutral,NoAccount,Medium,32,Own,Years1_4,Skilled,None,1,None,Other,2978,0.01
Bad,Neutral,VeryLow,VeryLow,33,Own,Unemployed,Skilled,None,1,None,Other,1131,0.04
Good,Neutral,Low,High,20,Own,YearLess1,Skilled,None,1,None,Other,1577,0.04
Good,Neutral,NoAccount,VeryLow,25,Rent,Years4_7,Skilled,None,1,None,Other,3972,0.02
Bad,VeryPoor,Low,VeryLow,31,Own,YearsMore7,Skilled,None,2,None,Business,1935,0.04
Bad,VeryGood,VeryLow,VeryLow,33,Rent,YearsMore7,Skilled,None,2,None,CarNew,950,0.04
Good,Neutral,NoAccount,VeryLow,26,Own,Years1_4,Skilled,None,1,None,Other,763,0.04
Bad,Poor,Low,VeryLow,34,Own,Unemployed,HighlySkilled,None,1,None,Other,2064,0.03
Good,Neutral,Low,VeryLow,33,Own,Years1_4,Skilled,None,1,Guarantor,Other,1414,0.04
Bad,Poor,VeryLow,VeryLow,26,Own,YearLess1,Skilled,None,2,None,Education,3414,0.02
Bad,Good,NoAccount,NoAccount,53,Own,Unemployed,HighlySkilled,BankCard,1,None,CarUsed,7485,0.04
Good,Neutral,VeryLow,VeryLow,42,Own,Years1_4,Skilled,None,1,None,Other,2577,0.02
Good,VeryPoor,VeryLow,Medium,52,Own,YearsMore7,Skilled,None,2,None,Other,338,0.04
Good,Neutral,NoAccount,VeryLow,31,Rent,Years4_7,HighlySkilled,None,2,None,Other,1963,0.04
Good,VeryPoor,VeryLow,VeryLow,65,Own,YearsMore7,Skilled,None,2,None,CarNew,571,0.04
Bad,Poor,NoAccount,VeryLow,28,Own,YearLess1,Skilled,None,2,None,Business,9572,0.01
Bad,Poor,Low,VeryLow,30,Own,Years1_4,HighlySkilled,StoreCard,2,None,Business,4455,0.02
Bad,Good,VeryLow,NoAccount,40,Own,Years1_4,Unskilled,None,2,None,CarNew,1647,0.04
Good,VeryPoor,NoAccount,High,50,Own,Years1_4,Skilled,None,1,None,Other,3777,0.04
Bad,VeryPoor,Low,VeryLow,36,Own,YearsMore7,Skilled,BankCard,1,None,CarNew,884,0.04
Good,VeryPoor,NoAccount,VeryLow,31,Own,Years1_4,Skilled,None,2,None,Other,1360,0.04
Bad,Good,Low,VeryLow,74,Other,YearsMore7,HighlySkilled,BankCard,1,None,CarUsed,5129,0.02
Good,VeryPoor,Low,VeryLow,68,Other,Unemployed,Unemployed,None,3,None,CarNew,1175,0.02
Bad,Neutral,VeryLow,Low,20,Own,Years4_7,Skilled,None,1,None,Other,674,0.04
Good,VeryGood,Low,VeryLow,33,Own,Years1_4,Skilled,BankCard,2,None,Other,3244,0.01
Bad,Neutral,NoAccount,High,54,Own,Years1_4,HighlySkilled,None,3,None,Business,4591,0.02
Bad,VeryGood,Low,Low,34,Other,Years4_7,Unskilled,None,1,None,Business,3844,0.04
Bad,Neutral,Low,VeryLow,36,Own,Years1_4,Skilled,None,1,None,Business,3915,0.04
Good,Neutral,NoAccount,VeryLow,29,Rent,Years4_7,Skilled,None,1,None,Other,2108,0.02
Bad,Neutral,Low,Low,21,Rent,Years1_4,Skilled,None,1,Guarantor,Other,3031,0.04
Bad,VeryPoor,Low,VeryLow,34,Own,YearsMore7,HighlySkilled,None,2,None,Education,1501,0.02
Good,VeryPoor,NoAccount,VeryLow,28,Own,Years1_4,Skilled,None,2,None,Other,1382,0.01
Bad,Neutral,Low,Low,27,Rent,YearLess1,Skilled,BankCard,4,None,Other,951,0.04
Good,Neutral,Low,NoAccount,36,Other,YearsMore7,Skilled,BankCard,1,None,CarUsed,2760,0.04
Bad,Poor,Low,VeryLow,40,Own,YearsMore7,HighlySkilled,None,1,None,Other,4297,0.04
Good,VeryPoor,NoAccount,Medium,52,Own,YearsMore7,Skilled,None,2,None,Education,936,0.04
Good,Neutral,VeryLow,VeryLow,27,Own,Years1_4,Unskilled,None,1,None,CarNew,1168,0.04
Good,Poor,NoAccount,VeryLow,26,Own,Years4_7,Skilled,None,2,None,Business,5117,0.03
Bad,Neutral,VeryLow,VeryLow,21,Rent,Years4_7,Skilled,None,1,None,Education,902,0.04
Good,VeryPoor,NoAccount,VeryLow,38,Own,YearsMore7,Unskilled,None,2,None,CarNew,1495,0.04
Good,VeryPoor,VeryLow,VeryLow,38,Other,YearsMore7,HighlySkilled,None,3,None,CarUsed,10623,0.03
Good,VeryPoor,NoAccount,VeryLow,43,Own,YearsMore7,Skilled,None,3,None,Other,1935,0.04
Good,VeryPoor,Low,VeryLow,26,Own,Years4_7,Skilled,None,1,None,Other,1424,0.04
Good,Neutral,VeryLow,VeryLow,21,Own,Years1_4,Unskilled,StoreCard,1,None,Business,6568,0.02
Good,Neutral,NoAccount,High,55,Own,Years4_7,Skilled,None,1,None,CarUsed,1413,0.03
Good,VeryPoor,NoAccount,NoAccount,33,Own,Years1_4,Skilled,None,2,None,Other,3074,0.01
Good,Neutral,NoAccount,NoAccount,45,Own,YearsMore7,Unskilled,None,1,None,Other,3835,0.02
Bad,VeryGood,VeryLow,VeryLow,50,Own,Unemployed,Skilled,StoreCard,2,None,Business,5293,0.02
Bad,Poor,High,VeryLow,66,Own,YearsMore7,HighlySkilled,None,1,None,Business,1908,0.04
Good,VeryPoor,NoAccount,NoAccount,51,Own,YearsMore7,Skilled,None,1,None,Other,3342,0.04
Good,VeryPoor,Low,NoAccount,39,Own,Years4_7,Unskilled,None,2,None,Education,932,0.01
Good,VeryGood,VeryLow,VeryLow,31,Own,Years4_7,Skilled,BankCard,1,None,Business,3104,0.03
Good,Neutral,High,VeryLow,23,Own,Years1_4,Skilled,None,1,None,Other,3913,0.02
Good,Neutral,VeryLow,VeryLow,24,Rent,Years1_4,Unskilled,None,1,None,Other,3021,0.02
Good,Neutral,NoAccount,VeryLow,64,Own,Years1_4,Skilled,None,1,None,CarNew,1364,0.02
Good,Neutral,Low,VeryLow,26,Own,YearLess1,Unskilled,BankCard,1,Guarantor,Other,625,0.04
Good,Neutral,VeryLow,NoAccount,23,Rent,Years1_4,Skilled,BankCard,1,None,Education,1200,0.04
Good,Neutral,NoAccount,VeryLow,30,Own,Years1_4,Skilled,BankCard,2,None,Other,707,0.04
Good,Poor,NoAccount,NoAccount,32,Own,Years1_4,Skilled,None,2,None,Business,2978,0.04
Good,Neutral,NoAccount,VeryLow,30,Own,Years1_4,Skilled,None,1,None,CarUsed,4657,0.03
Good,VeryGood,NoAccount,VeryLow,27,Own,Years1_4,Skilled,None,2,None,Repairs,2613,0.04
Bad,Neutral,Low,High,27,Own,Years4_7,Skilled,BankCard,2,CoApplicant,Other,10961,0.01
Bad,Neutral,VeryLow,VeryLow,53,Other,YearsMore7,HighlySkilled,None,1,None,Other,7865,0.04
Bad,Neutral,NoAccount,VeryLow,22,Own,Years4_7,Skilled,None,1,None,Other,1478,0.04
Good,Neutral,VeryLow,VeryLow,22,Other,YearLess1,Skilled,BankCard,1,None,Other,3149,0.04
Bad,Neutral,High,VeryLow,26,Own,Years1_4,Skilled,None,1,None,Other,4210,0.04
Good,Neutral,NoAccount,Medium,51,Other,YearsMore7,Unskilled,None,1,None,CarNew,2507,0.02
Good,Neutral,NoAccount,Low,35,Own,Years4_7,Skilled,None,1,None,Other,2141,0.03
Good,Neutral,Low,VeryLow,25,Own,Years1_4,Unskilled,None,1,Guarantor,Other,866,0.04
Good,VeryPoor,NoAccount,VeryLow,42,Own,Years4_7,Unskilled,None,3,None,Other,1544,0.02
Bad,Neutral,VeryLow,VeryLow,30,Own,Unemployed,HighlySkilled,StoreCard,1,None,Other,1823,0.04
Bad,Neutral,Low,NoAccount,23,Own,Unemployed,Unemployed,None,1,None,CarNew,14555,0.01
Bad,Neutral,Low,Low,61,Rent,YearsMore7,Unskilled,BankCard,2,None,Business,2767,0.04
Good,VeryPoor,NoAccount,VeryLow,35,Own,Years1_4,Skilled,None,2,None,Other,1291,0.04
Good,Neutral,VeryLow,VeryLow,39,Own,YearsMore7,Skilled,None,1,Guarantor,Other,2522,0.01
Bad,Neutral,VeryLow,NoAccount,29,Own,YearsMore7,Skilled,BankCard,1,None,CarNew,915,0.04
Good,Neutral,NoAccount,VeryLow,51,Own,Years4_7,Skilled,None,1,None,Other,1595,0.03
Bad,VeryGood,VeryLow,VeryLow,24,Other,YearsMore7,Skilled,None,2,None,CarUsed,4605,0.03
Good,VeryPoor,NoAccount,VeryLow,27,Own,Years1_4,Skilled,None,2,None,Business,1185,0.03
Good,Good,NoAccount,Medium,35,Own,Years1_4,Unskilled,None,1,None,Education,3447,0.04
Good,Neutral,NoAccount,VeryLow,25,Own,Years4_7,Skilled,None,1,None,Business,1258,0.04
Good,VeryPoor,NoAccount,VeryLow,52,Own,YearsMore7,Skilled,None,3,None,Other,717,0.04
Good,VeryGood,NoAccount,Low,35,Rent,Years1_4,Skilled,BankCard,1,None,CarNew,1204,0.04
Good,Neutral,High,VeryLow,26,Own,Years1_4,Skilled,None,1,None,Other,1925,0.02
Bad,Neutral,NoAccount,VeryLow,22,Rent,Unemployed,Skilled,None,1,CoApplicant,Other,433,0.03
Good,VeryPoor,VeryLow,High,39,Own,Years4_7,Unskilled,None,2,None,CarNew,666,0.03
Good,Neutral,High,VeryLow,46,Own,Years1_4,Unskilled,None,1,None,Other,2251,0.01
Bad,Neutral,Low,VeryLow,24,Own,Years1_4,Skilled,BankCard,1,Guarantor,CarNew,2150,0.04
Good,Poor,NoAccount,Low,35,Own,Years1_4,Skilled,None,2,None,Other,4151,0.02
Good,Neutral,Low,NoAccount,24,Own,Years4_7,Skilled,None,1,None,Other,2030,0.02
Good,Poor,Low,NoAccount,27,Own,Years1_4,Unskilled,None,1,None,Other,7418,0.01
Good,VeryPoor,NoAccount,VeryLow,35,Own,Years1_4,Unskilled,None,2,None,Other,2684,0.04
Bad,Good,VeryLow,VeryLow,29,Other,Years1_4,Skilled,None,1,None,Other,2149,0.04
Good,Neutral,NoAccount,Low,23,Own,YearLess1,Skilled,None,1,None,CarUsed,3812,0.01
Good,VeryPoor,NoAccount,Low,57,Own,Unemployed,Unskilled,None,3,None,Other,1154,0.04
Good,Neutral,VeryLow,VeryLow,27,Own,Years1_4,Skilled,None,1,None,Other,1657,0.02
Good,Neutral,VeryLow,VeryLow,55,Own,YearsMore7,Skilled,None,1,None,Other,1603,0.04
Good,VeryPoor,VeryLow,VeryLow,36,Other,YearsMore7,HighlySkilled,None,3,None,CarNew,5302,0.02
Good,VeryPoor,NoAccount,VeryLow,57,Other,YearsMore7,Unskilled,BankCard,3,None,Education,2748,0.02
Good,VeryPoor,NoAccount,VeryLow,32,Own,YearsMore7,Unskilled,None,2,None,CarNew,1231,0.03
Bad,Neutral,Low,VeryLow,37,Own,YearsMore7,Skilled,None,1,None,Other,802,0.04
Good,VeryPoor,NoAccount,NoAccount,36,Own,YearsMore7,Skilled,None,2,None,Business,6304,0.04
Good,Neutral,NoAccount,VeryLow,38,Own,YearLess1,Skilled,StoreCard,1,None,Other,1533,0.04
Bad,Neutral,VeryLow,VeryLow,45,Own,YearsMore7,HighlySkilled,None,1,None,CarNew,8978,0.01
Good,Neutral,NoAccount,NoAccount,25,Own,YearsMore7,Skilled,None,2,None,Other,999,0.04
Good,Neutral,NoAccount,NoAccount,32,Own,Years4_7,Skilled,None,1,None,CarNew,2662,0.04
Good,VeryPoor,NoAccount,Medium,37,Rent,Years4_7,Skilled,None,1,None,Other,1402,0.03
Good,Good,Low,NoAccount,36,Other,Unemployed,HighlySkilled,None,1,CoApplicant,CarNew,12169,0.04
Bad,Neutral,Low,VeryLow,28,Own,Years4_7,Skilled,None,2,None,Other,3060,0.04
Bad,Neutral,VeryLow,VeryLow,34,Own,YearLess1,Unskilled,None,1,None,Repairs,11998,0.01
Good,Neutral,NoAccount,VeryLow,32,Own,Years1_4,Skilled,None,1,None,Other,2697,0.01
Good,VeryPoor,NoAccount,VeryLow,26,Own,Years1_4,Skilled,None,2,None,Other,2404,0.02
Good,Neutral,VeryLow,NoAccount,49,Own,YearsMore7,Unskilled,None,1,None,Other,1262,0.02
Bad,Neutral,NoAccount,VeryLow,32,Own,YearLess1,Skilled,None,1,None,Other,4611,0.01
Good,Neutral,NoAccount,Low,29,Rent,Years1_4,HighlySkilled,None,1,None,Other,1901,0.04
Good,VeryPoor,NoAccount,High,23,Rent,YearsMore7,Skilled,None,2,None,CarUsed,3368,0.03
Good,Neutral,NoAccount,VeryLow,50,Own,Years1_4,Skilled,None,1,None,Other,1574,0.04
Good,Good,High,NoAccount,49,Own,Years4_7,Unskilled,BankCard,1,None,Other,1445,0.04
Good,VeryPoor,NoAccount,NoAccount,63,Own,YearsMore7,Skilled,None,1,None,Other,1520,0.04
Good,VeryPoor,Low,Low,37,Own,YearLess1,Skilled,None,1,None,CarNew,3878,0.04
Good,Neutral,VeryLow,VeryLow,35,Own,YearLess1,Unskilled,None,1,None,CarNew,10722,0.01
Good,Neutral,VeryLow,VeryLow,26,Own,Years4_7,Skilled,None,1,None,CarUsed,4788,0.04
Good,Poor,Low,Low,31,Other,Unemployed,HighlySkilled,None,1,None,Other,7582,0.02
Good,Neutral,Low,VeryLow,49,Own,Years1_4,Skilled,None,2,Guarantor,Other,1092,0.04
Bad,Poor,VeryLow,VeryLow,48,Own,YearLess1,Skilled,StoreCard,1,None,Other,1024,0.04
Good,Neutral,NoAccount,VeryLow,26,Own,Years1_4,Skilled,None,1,None,Business,1076,0.02
Bad,Neutral,Low,VeryLow,28,Rent,YearLess1,HighlySkilled,None,1,None,CarUsed,9398,0.01
Good,VeryPoor,VeryLow,VeryLow,44,Other,YearsMore7,HighlySkilled,None,2,None,CarUsed,6419,0.02
Good,VeryPoor,High,VeryLow,56,Other,YearsMore7,Skilled,None,1,None,CarUsed,4796,0.04
Good,VeryPoor,NoAccount,NoAccount,46,Own,YearsMore7,HighlySkilled,BankCard,2,None,Business,7629,0.04
Bad,Neutral,Low,VeryLow,26,Own,YearLess1,Skilled,None,1,None,Other,9960,0.01
Good,Neutral,NoAccount,NoAccount,20,Rent,YearLess1,Skilled,None,1,None,CarUsed,4675,0.01
Good,Neutral,NoAccount,NoAccount,45,Own,YearsMore7,Unskilled,None,1,CoApplicant,CarNew,1287,0.04
Good,Neutral,NoAccount,VeryLow,43,Own,Years1_4,Skilled,None,1,None,Other,2515,0.03
Good,VeryPoor,Low,High,32,Own,Years4_7,Skilled,None,2,None,Other,2745,0.03
Good,Neutral,NoAccount,VeryLow,54,Own,Unemployed,Unemployed,None,1,None,CarNew,672,0.01
Bad,VeryGood,Low,VeryLow,42,Own,Years1_4,Skilled,None,1,None,Other,3804,0.04
Bad,VeryPoor,High,NoAccount,37,Own,Years4_7,Unskilled,BankCard,2,None,CarNew,1344,0.04
Good,VeryPoor,VeryLow,VeryLow,49,Own,Years4_7,Skilled,None,2,CoApplicant,CarNew,1038,0.04
Bad,VeryPoor,NoAccount,Medium,44,Other,Years1_4,Skilled,BankCard,1,None,CarNew,10127,0.02
Good,Neutral,NoAccount,High,33,Own,Years1_4,Skilled,None,1,None,Other,1543,0.04
Good,Neutral,NoAccount,NoAccount,24,Rent,Years4_7,Unskilled,StoreCard,1,None,CarUsed,4811,0.02
Bad,Neutral,VeryLow,Low,33,Own,YearLess1,Unskilled,None,1,None,Other,727,0.04
Bad,Neutral,Low,VeryLow,24,Own,Years1_4,Skilled,None,1,None,Other,1237,0.03
Good,Neutral,Low,VeryLow,22,Rent,Years1_4,Unskilled,None,1,None,CarNew,276,0.04
Good,Neutral,Low,NoAccount,40,Other,Unemployed,Unemployed,BankCard,1,None,Other,5381,0.03
Good,Neutral,NoAccount,Low,25,Own,Years1_4,Skilled,StoreCard,1,None,Other,5511,0.04
Good,Neutral,High,VeryLow,26,Own,YearLess1,Skilled,None,1,None,Other,3749,0.02
Bad,Neutral,Low,VeryLow,25,Own,Years4_7,Unskilled,BankCard,1,None,CarNew,685,0.02
Good,Neutral,High,NoAccount,29,Own,YearLess1,Unskilled,None,1,None,CarNew,1494,0.01
Bad,Good,VeryLow,VeryLow,31,Own,YearsMore7,Skilled,BankCard,1,None,Other,2746,0.04
Good,Neutral,VeryLow,VeryLow,38,Own,Years1_4,Unskilled,None,1,Guarantor,Other,708,0.02
Good,Neutral,Low,NoAccount,48,Own,Years1_4,Unskilled,None,1,None,Other,4351,0.01
Good,VeryPoor,NoAccount,VeryLow,32,Own,Years1_4,Skilled,None,2,None,Education,701,0.04
Good,Poor,VeryLow,VeryLow,27,Own,YearsMore7,Unskilled,None,2,None,Other,3643,0.01
Bad,VeryPoor,Low,VeryLow,28,Own,Unemployed,HighlySkilled,None,2,None,CarNew,4249,0.04
Bad,Neutral,VeryLow,VeryLow,32,Own,YearLess1,Skilled,None,1,None,Other,1938,0.04
Good,Neutral,VeryLow,VeryLow,34,Other,Years4_7,HighlySkilled,None,1,None,CarUsed,2910,0.02
Good,Neutral,VeryLow,High,28,Own,Years1_4,Skilled,None,1,None,Other,2659,0.04
Good,VeryPoor,NoAccount,VeryLow,36,Own,Years1_4,Skilled,None,2,None,CarNew,1028,0.04
Good,VeryPoor,VeryLow,VeryLow,39,Own,Years4_7,Unskilled,None,2,None,CarNew,3398,0.01
Good,VeryPoor,NoAccount,NoAccount,49,Rent,YearsMore7,Skilled,None,1,None,Other,5801,0.02
Good,Neutral,NoAccount,High,34,Own,Years4_7,Skilled,None,1,None,CarNew,1525,0.04
Good,Neutral,High,VeryLow,31,Own,YearsMore7,Skilled,None,1,None,Other,4473,0.04
Good,Neutral,Low,VeryLow,28,Own,YearsMore7,Skilled,None,1,None,Other,1068,0.04
Good,VeryPoor,VeryLow,VeryLow,75,Other,Unemployed,HighlySkilled,None,2,None,CarUsed,6615,0.02
Bad,VeryPoor,NoAccount,Low,30,Own,Years1_4,Skilled,None,2,None,Education,1864,0.04
Bad,Neutral,Low,Low,24,Own,YearLess1,HighlySkilled,None,1,None,CarNew,7408,0.04
Bad,VeryPoor,NoAccount,Low,24,Rent,Years1_4,Unskilled,BankCard,2,None,CarUsed,11590,0.02
Bad,VeryGood,VeryLow,VeryLow,23,Rent,YearsMore7,Skilled,BankCard,2,None,Other,4110,0.03
Bad,VeryPoor,VeryLow,VeryLow,44,Rent,Years1_4,HighlySkilled,None,1,None,Other,3384,0.01
Good,Neutral,Low,VeryLow,23,Own,YearLess1,Unskilled,None,1,Guarantor,Other,2101,0.02
Bad,Neutral,VeryLow,NoAccount,24,Rent,Years1_4,Skilled,None,1,None,Other,1275,0.04
Good,Neutral,VeryLow,VeryLow,28,Own,Years1_4,Skilled,None,1,None,Other,4169,0.04
Good,Neutral,Low,VeryLow,31,Own,Years1_4,Unskilled,None,1,None,Other,1521,0.04
Good,VeryPoor,Low,VeryLow,24,Other,YearLess1,Skilled,None,2,None,Education,5743,0.02
Good,Neutral,VeryLow,VeryLow,26,Rent,Years4_7,Unskilled,None,1,None,Other,3599,0.01
Good,Neutral,Low,Medium,25,Rent,YearLess1,Skilled,None,1,None,Other,3213,0.01
Good,Neutral,Low,VeryLow,33,Own,YearsMore7,HighlySkilled,BankCard,1,CoApplicant,Business,4439,0.01
Good,Neutral,High,VeryLow,37,Own,YearLess1,Unskilled,None,1,Guarantor,CarNew,3949,0.01
Good,VeryPoor,NoAccount,VeryLow,43,Own,Years1_4,Unskilled,None,1,None,Other,1459,0.04
Good,VeryPoor,Low,VeryLow,23,Own,YearLess1,Skilled,None,2,Guarantor,Other,882,0.04
Good,Neutral,Low,Medium,23,Rent,Unemployed,Unemployed,None,1,None,Other,3758,0.01
Good,Poor,NoAccount,Low,34,Own,Years1_4,Unskilled,None,2,None,Business,1743,0.01
Bad,VeryPoor,Low,High,32,Other,YearsMore7,Skilled,None,2,None,Education,1136,0.04
Good,Neutral,NoAccount,VeryLow,23,Rent,YearLess1,Skilled,None,1,None,Other,1236,0.01
Bad,Neutral,Low,VeryLow,29,Own,Years1_4,Skilled,None,1,None,Other,959,0.01
Good,VeryPoor,NoAccount,NoAccount,38,Own,Unemployed,HighlySkilled,None,1,None,CarUsed,3229,0.02
Bad,VeryGood,VeryLow,VeryLow,28,Rent,Years1_4,Skilled,None,2,None,Other,6199,0.04
Good,Neutral,NoAccount,Medium,46,Other,YearsMore7,Skilled,None,1,None,Education,727,0.04
Bad,Neutral,Low,VeryLow,23,Own,YearLess1,Unskilled,StoreCard,1,None,CarNew,1246,0.04
Good,VeryPoor,NoAccount,NoAccount,49,Own,YearsMore7,Skilled,None,1,CoApplicant,Other,2331,0.01
Bad,Poor,NoAccount,VeryLow,26,Own,Years1_4,HighlySkilled,None,2,None,Other,4463,0.04
Good,Neutral,NoAccount,VeryLow,28,Own,Years1_4,Skilled,None,1,None,Other,776,0.04
Bad,Neutral,VeryLow,VeryLow,23,Rent,Years4_7,Skilled,None,1,None,Other,2406,0.04
Good,Neutral,Low,NoAccount,61,Other,Years1_4,Skilled,None,1,None,Education,1239,0.04
Good,Neutral,High,NoAccount,37,Own,YearsMore7,HighlySkilled,None,1,None,Other,3399,0.02
Good,Poor,High,VeryLow,36,Own,Years1_4,Skilled,StoreCard,2,None,CarNew,2247,0.02
Good,Neutral,NoAccount,VeryLow,21,Rent,Years1_4,Skilled,None,1,None,Other,1766,0.01
Bad,Neutral,VeryLow,VeryLow,25,Own,Unemployed,Unemployed,None,1,None,Other,2473,0.04
Good,Neutral,NoAccount,VeryLow,36,Own,Years4_7,Skilled,None,1,None,Business,1542,0.02
Good,VeryPoor,NoAccount,VeryLow,27,Own,Years4_7,Skilled,None,2,None,CarUsed,3850,0.03
Good,Neutral,VeryLow,VeryLow,22,Rent,YearLess1,Skilled,None,1,None,Other,3650,0.01
Bad,Neutral,VeryLow,VeryLow,42,Own,YearsMore7,Skilled,None,1,None,Other,3446,0.04
Good,Neutral,Low,VeryLow,40,Rent,Years4_7,Skilled,None,1,None,Other,3001,0.02
Good,Neutral,NoAccount,NoAccount,36,Own,Years1_4,Skilled,None,1,None,CarNew,3079,0.04
Good,VeryPoor,NoAccount,VeryLow,33,Own,YearsMore7,Skilled,None,2,None,Other,6070,0.03
Good,VeryPoor,NoAccount,VeryLow,23,Rent,YearLess1,Skilled,None,2,None,Other,2146,0.01
Good,VeryPoor,NoAccount,NoAccount,63,Other,YearsMore7,HighlySkilled,BankCard,1,None,CarNew,13756,0.02
Bad,Good,Low,Low,60,Other,YearsMore7,HighlySkilled,BankCard,2,None,Other,14782,0.03
Bad,Good,VeryLow,VeryLow,37,Rent,Years4_7,Skilled,None,1,Guarantor,Business,7685,0.02
Good,Poor,NoAccount,VeryLow,34,Own,Unemployed,Skilled,None,2,None,Other,2320,0.02
Good,Poor,NoAccount,NoAccount,36,Other,YearsMore7,Skilled,None,1,None,Other,846,0.03
Bad,Neutral,Low,VeryLow,57,Other,YearsMore7,HighlySkilled,None,1,None,CarNew,14318,0.04
Good,VeryPoor,NoAccount,Low,52,Own,Years1_4,Unskilled,None,2,None,CarNew,362,0.04
Good,Neutral,VeryLow,NoAccount,39,Own,Years4_7,Skilled,None,1,None,Other,2212,0.04
Bad,Neutral,Low,VeryLow,38,Other,Unemployed,HighlySkilled,None,1,None,CarUsed,12976,0.03
Good,Neutral,NoAccount,NoAccount,25,Rent,Years4_7,Skilled,None,1,None,CarNew,1283,0.04
Good,Neutral,High,VeryLow,26,Own,YearLess1,Skilled,None,1,None,CarNew,1330,0.04
Good,Poor,NoAccount,Low,26,Own,Years1_4,Unskilled,None,2,None,Business,4272,0.02
Good,VeryPoor,NoAccount,VeryLow,25,Own,Years1_4,Skilled,None,2,None,Other,2238,0.02
Good,Neutral,NoAccount,NoAccount,21,Rent,YearLess1,Skilled,None,1,None,Other,1126,0.04
Good,VeryPoor,Low,VeryLow,40,Own,Unemployed,HighlySkilled,StoreCard,2,None,Other,7374,0.04
Good,VeryPoor,Low,Medium,27,Own,Years1_4,Skilled,BankCard,1,None,Business,2326,0.02
Good,Neutral,NoAccount,VeryLow,27,Own,Years4_7,Skilled,None,2,None,Business,1449,0.03
Good,Neutral,NoAccount,VeryLow,30,Own,Years1_4,HighlySkilled,None,1,None,CarNew,1820,0.02
Good,Neutral,Low,High,19,Rent,YearLess1,Unskilled,None,1,None,Other,983,0.01
Good,Neutral,VeryLow,VeryLow,39,Other,Years4_7,HighlySkilled,BankCard,1,None,CarNew,3249,0.02
Good,VeryPoor,VeryLow,VeryLow,31,Own,Years4_7,Skilled,None,1,None,Other,1957,0.01
Good,VeryPoor,NoAccount,VeryLow,31,Own,Unemployed,HighlySkilled,None,1,None,Other,2406,0.02
Good,Poor,Low,Low,32,Rent,Years4_7,Skilled,None,1,None,Education,11760,0.02
Good,Neutral,VeryLow,VeryLow,55,Other,Unemployed,HighlySkilled,None,1,None,Other,2578,0.03
Good,VeryPoor,VeryLow,VeryLow,46,Own,Years1_4,Skilled,None,2,None,Other,2348,0.03
Bad,Neutral,Low,VeryLow,46,Rent,YearsMore7,Skilled,None,2,None,CarNew,1223,0.01
Good,VeryPoor,NoAccount,High,43,Own,Years1_4,Unskilled,None,2,None,Other,1516,0.04
Good,Neutral,NoAccount,VeryLow,39,Own,YearLess1,Skilled,None,1,None,Other,1473,0.03
Good,VeryPoor,Low,NoAccount,28,Own,Years1_4,Skilled,BankCard,2,None,Business,1887,0.04
Bad,Poor,NoAccount,VeryLow,27,Own,YearLess1,Skilled,BankCard,2,None,Business,8648,0.02
Good,Poor,NoAccount,VeryLow,27,Own,Years1_4,Unskilled,None,2,None,CarNew,802,0.04
Good,Poor,Low,NoAccount,43,Own,YearsMore7,Skilled,None,1,None,CarNew,2899,0.04
Bad,Neutral,Low,VeryLow,22,Own,YearLess1,Skilled,None,1,None,Other,2039,0.01
Good,VeryPoor,NoAccount,NoAccount,43,Own,Years4_7,Skilled,None,2,None,CarUsed,2197,0.04
Good,Neutral,VeryLow,VeryLow,27,Own,YearLess1,Skilled,None,1,None,Other,1053,0.04
Good,Neutral,NoAccount,Medium,26,Own,YearsMore7,HighlySkilled,None,1,None,Other,3235,0.03
Bad,VeryPoor,High,Medium,28,Own,Years4_7,Skilled,None,3,None,CarNew,939,0.04
Good,Neutral,Low,VeryLow,20,Own,YearsMore7,Skilled,None,1,None,Other,1967,0.04
Good,VeryPoor,NoAccount,VeryLow,35,Own,Years4_7,HighlySkilled,None,2,None,CarUsed,7253,0.03
Bad,VeryPoor,NoAccount,VeryLow,42,Own,Unemployed,HighlySkilled,StoreCard,2,None,Business,2292,0.04
Good,Neutral,NoAccount,Medium,40,Rent,Years1_4,Unskilled,None,1,None,CarNew,1597,0.03
Bad,Neutral,VeryLow,NoAccount,35,Own,Years1_4,Skilled,None,1,None,CarNew,1381,0.04
Good,VeryPoor,NoAccount,VeryLow,35,Own,YearsMore7,Skilled,None,2,None,CarUsed,5842,0.02
Bad,Neutral,VeryLow,VeryLow,33,Own,YearLess1,Unskilled,None,1,None,CarNew,2579,0.04
Good,Poor,VeryLow,NoAccount,23,Rent,Years1_4,Skilled,None,2,None,Education,8471,0.01
Good,Neutral,NoAccount,Medium,31,Own,Years4_7,HighlySkilled,BankCard,1,None,CarNew,2782,0.01
Bad,Neutral,Low,NoAccount,33,Own,Years1_4,Skilled,None,1,None,CarNew,1042,0.04
Good,Neutral,NoAccount,High,20,Rent,Years4_7,Skilled,None,1,None,CarNew,3186,0.02
Good,Neutral,Low,NoAccount,30,Own,Years1_4,Skilled,None,1,None,CarUsed,2028,0.04
Good,VeryPoor,Low,VeryLow,47,Own,Years4_7,Unskilled,None,2,None,CarNew,958,0.02
Good,Poor,NoAccount,Low,34,Own,Years4_7,HighlySkilled,None,2,None,Other,1591,0.04
Bad,Neutral,Low,NoAccount,25,Own,YearsMore7,Skilled,BankCard,1,None,Other,2762,0.01
Good,Neutral,Low,VeryLow,21,Rent,Years1_4,Skilled,None,1,None,CarUsed,2779,0.01
Good,VeryPoor,NoAccount,VeryLow,29,Own,YearsMore7,Skilled,None,2,None,Other,2743,0.04
Good,VeryPoor,NoAccount,High,46,Own,Years1_4,Skilled,None,2,None,Other,1149,0.04
Good,Neutral,NoAccount,VeryLow,20,Own,YearsMore7,Skilled,None,1,None,Other,1313,0.01
Bad,VeryPoor,VeryLow,VeryLow,55,Other,Unemployed,Unemployed,None,3,None,Repairs,1190,0.02
Good,Neutral,NoAccount,VeryLow,74,Own,Years4_7,Unskilled,None,1,None,Business,3448,0.01
Bad,Neutral,Low,VeryLow,29,Own,Years1_4,HighlySkilled,BankCard,2,CoApplicant,Other,11328,0.02
Good,VeryPoor,VeryLow,VeryLow,36,Other,Unemployed,HighlySkilled,None,3,None,Other,1872,0.04
Good,VeryPoor,NoAccount,VeryLow,33,Own,Years1_4,Skilled,None,2,None,Repairs,2058,0.04
Good,Neutral,VeryLow,VeryLow,25,Own,Years1_4,Skilled,None,1,None,Other,2136,0.03
Bad,Neutral,Low,NoAccount,25,Own,Years1_4,Skilled,None,1,None,Other,1484,0.02
Good,Neutral,NoAccount,Medium,23,Rent,Years4_7,Unskilled,None,1,None,Repairs,660,0.02
Good,VeryPoor,NoAccount,High,37,Own,YearsMore7,Skilled,None,2,None,CarNew,1287,0.04
Good,VeryPoor,VeryLow,VeryLow,65,Own,Unemployed,Unemployed,None,2,CoApplicant,Repairs,3394,0.04
Bad,Good,High,VeryLow,26,Own,YearLess1,Unemployed,None,1,None,Business,609,0.04
Good,Neutral,NoAccount,VeryLow,39,Own,YearsMore7,HighlySkilled,None,1,None,CarNew,1884,0.04
Good,Neutral,VeryLow,VeryLow,30,Own,Years1_4,Skilled,None,1,CoApplicant,Other,1620,0.02
Good,Poor,Low,VeryLow,29,Own,Years1_4,Skilled,BankCard,2,None,Other,2629,0.02
Bad,Neutral,NoAccount,VeryLow,41,Own,YearsMore7,Unskilled,BankCard,1,None,Education,719,0.04
Bad,VeryPoor,Low,VeryLow,30,Own,Years1_4,HighlySkilled,None,1,None,Other,5096,0.02
Good,VeryPoor,NoAccount,NoAccount,41,Rent,YearsMore7,Unskilled,None,2,None,Education,1244,0.04
Bad,Neutral,VeryLow,VeryLow,34,Own,YearLess1,Skilled,None,1,None,CarNew,1842,0.04
Good,Neutral,Low,VeryLow,35,Own,Years1_4,Skilled,None,1,Guarantor,Other,2576,0.02
Good,Neutral,High,NoAccount,55,Own,YearsMore7,HighlySkilled,None,1,None,Other,1424,0.03
Bad,Poor,Low,High,61,Own,Years1_4,Skilled,StoreCard,2,None,Repairs,1512,0.03
Good,VeryPoor,NoAccount,NoAccount,30,Own,Years1_4,HighlySkilled,None,1,None,CarUsed,11054,0.04
Good,Neutral,NoAccount,VeryLow,29,Own,Years1_4,Skilled,None,1,None,Other,518,0.03
Good,VeryGood,NoAccount,VeryLow,34,Own,YearsMore7,Skilled,None,2,None,Other,2759,0.02
Good,Neutral,NoAccount,VeryLow,35,Own,YearsMore7,HighlySkilled,None,1,None,CarUsed,2670,0.04
Bad,Neutral,VeryLow,VeryLow,31,Own,Years4_7,Skilled,None,1,CoApplicant,CarNew,4817,0.02
Good,Neutral,NoAccount,VeryLow,29,Own,YearLess1,HighlySkilled,None,1,None,CarUsed,2679,0.04
Good,VeryPoor,VeryLow,VeryLow,36,Rent,Years1_4,Skilled,None,2,None,CarNew,3905,0.02
Bad,Neutral,VeryLow,VeryLow,35,Other,YearsMore7,Skilled,None,1,None,CarUsed,3386,0.03
Good,Neutral,VeryLow,VeryLow,27,Own,YearLess1,Skilled,None,1,None,Other,343,0.04
Good,Neutral,NoAccount,VeryLow,32,Own,YearLess1,Skilled,None,1,None,Other,4594,0.03
Good,Neutral,VeryLow,VeryLow,37,Own,Years1_4,Skilled,None,1,Guarantor,Other,3620,0.01
Good,Neutral,VeryLow,VeryLow,36,Own,YearLess1,Skilled,None,1,None,CarNew,1721,0.02
Good,Neutral,Low,VeryLow,34,Rent,YearLess1,HighlySkilled,None,1,None,Other,3017,0.03
Good,Neutral,Low,NoAccount,38,Own,YearsMore7,Skilled,None,2,None,Education,754,0.04
Good,Neutral,NoAccount,VeryLow,34,Own,Years4_7,Skilled,StoreCard,2,None,Business,1950,0.04
Good,Neutral,VeryLow,VeryLow,63,Own,Years1_4,Skilled,BankCard,1,Guarantor,CarUsed,2924,0.03
Bad,Poor,VeryLow,VeryLow,29,Rent,YearLess1,Unskilled,None,1,None,Other,1659,0.04
Good,Poor,NoAccount,NoAccount,32,Own,YearsMore7,Skilled,BankCard,2,None,Other,7238,0.03
Good,Poor,NoAccount,VeryLow,26,Own,Years1_4,Skilled,None,2,None,Business,2764,0.02
Good,Poor,NoAccount,VeryLow,35,Own,Years4_7,Unskilled,None,2,None,CarUsed,4679,0.03
Bad,Neutral,Low,Low,22,Rent,YearLess1,Skilled,None,1,None,Other,3092,0.03
Bad,Neutral,VeryLow,VeryLow,23,Own,YearLess1,Skilled,None,1,None,Education,448,0.04
Bad,Neutral,VeryLow,VeryLow,28,Own,Years1_4,Unskilled,None,1,None,CarNew,654,0.04
Good,Neutral,NoAccount,NoAccount,36,Own,Unemployed,HighlySkilled,None,1,None,Education,1238,0.04
Bad,VeryPoor,Low,VeryLow,33,Own,Years1_4,Skilled,None,1,None,Other,1245,0.04
Bad,VeryGood,VeryLow,VeryLow,26,Rent,YearLess1,Skilled,None,1,None,Other,3114,0.01
Good,Neutral,NoAccount,Medium,24,Own,Years1_4,Skilled,None,1,None,CarUsed,2569,0.04
Good,Neutral,High,VeryLow,25,Own,Years4_7,Skilled,BankCard,1,None,Other,5152,0.04
Good,Neutral,Low,Low,39,Own,Years4_7,Unskilled,None,1,None,Business,1037,0.03
Good,VeryPoor,VeryLow,VeryLow,44,Own,YearsMore7,Skilled,None,2,None,Other,1478,0.04
Good,VeryPoor,Low,VeryLow,23,Own,Years1_4,Unskilled,None,1,None,Other,3573,0.01
Good,Neutral,Low,VeryLow,26,Own,YearLess1,Skilled,None,1,None,CarNew,1201,0.04
Good,Neutral,VeryLow,High,57,Rent,YearsMore7,Skilled,None,2,None,Other,3622,0.04
Good,Poor,NoAccount,High,30,Own,Years4_7,Skilled,None,2,None,Other,960,0.03
Good,VeryPoor,NoAccount,Medium,44,Own,Years1_4,Skilled,None,1,None,CarNew,1163,0.04
Bad,Poor,Low,VeryLow,47,Own,Unemployed,HighlySkilled,None,1,None,CarNew,1209,0.04
Good,Neutral,NoAccount,VeryLow,52,Own,Years1_4,Skilled,None,1,None,Other,3077,0.02
Good,Neutral,NoAccount,VeryLow,62,Other,YearsMore7,Skilled,None,1,CoApplicant,CarNew,3757,0.04
Good,Neutral,NoAccount,Low,35,Rent,Years1_4,Unskilled,None,1,None,CarNew,1418,0.03
Good,Neutral,NoAccount,VeryLow,26,Rent,Years1_4,Skilled,None,1,Guarantor,CarNew,3518,0.02
Good,VeryPoor,NoAccount,VeryLow,26,Own,YearsMore7,Skilled,None,2,None,Other,1934,0.02
Bad,VeryGood,Low,VeryLow,42,Other,YearsMore7,HighlySkilled,None,2,None,Business,8318,0.02
Good,VeryPoor,NoAccount,Low,27,Own,Years1_4,Skilled,None,2,None,Other,1237,0.01
Good,Neutral,Low,NoAccount,38,Own,YearsMore7,Skilled,None,1,None,Other,368,0.04
Good,VeryPoor,VeryLow,VeryLow,39,Rent,Years1_4,Unskilled,None,2,None,CarNew,2122,0.03
Bad,Neutral,VeryLow,NoAccount,20,Own,Years1_4,Skilled,None,1,None,Other,2996,0.02
Bad,Neutral,Low,Low,29,Rent,YearLess1,HighlySkilled,None,1,CoApplicant,Other,9034,0.04
Good,VeryPoor,NoAccount,VeryLow,40,Own,Years4_7,Skilled,None,2,None,Other,1585,0.04
Good,Neutral,Low,VeryLow,32,Own,YearsMore7,Unskilled,None,1,Guarantor,Other,1301,0.04
Good,VeryPoor,High,Low,28,Own,YearsMore7,Skilled,None,2,None,CarNew,1323,0.02
Bad,Neutral,VeryLow,VeryLow,27,Own,YearLess1,Skilled,None,1,None,CarNew,3123,0.04
Good,Neutral,VeryLow,VeryLow,42,Other,YearsMore7,Skilled,None,1,None,CarUsed,5493,0.02
Good,Neutral,High,Low,49,Own,YearsMore7,Skilled,None,1,None,Other,1126,0.02
Bad,VeryPoor,Low,Low,38,Own,YearLess1,Skilled,BankCard,2,None,Other,1216,0.04
Bad,Neutral,VeryLow,VeryLow,24,Rent,YearLess1,Skilled,None,1,None,CarNew,1207,0.04
Bad,Neutral,NoAccount,NoAccount,27,Own,Years1_4,Unskilled,None,1,Guarantor,CarNew,1309,0.04
Good,VeryPoor,High,Medium,36,Own,Years1_4,Skilled,None,1,None,CarUsed,2360,0.02
Bad,Good,Low,Low,34,Own,Unemployed,HighlySkilled,None,1,None,CarNew,6850,0.01
Good,Neutral,NoAccount,VeryLow,28,Own,Years1_4,Skilled,None,1,None,Other,1413,0.04
Good,Neutral,NoAccount,Low,45,Own,YearsMore7,HighlySkilled,None,1,None,CarUsed,8588,0.04
Bad,Neutral,VeryLow,VeryLow,26,Own,Years4_7,Skilled,None,1,None,CarNew,759,0.04
Good,Neutral,NoAccount,VeryLow,32,Other,Years1_4,HighlySkilled,None,1,None,CarUsed,4686,0.02
Good,Neutral,High,VeryLow,26,Rent,Years4_7,Skilled,None,1,None,Business,2687,0.02
Good,Poor,Low,VeryLow,20,Rent,Years1_4,Skilled,None,2,CoApplicant,Other,585,0.04
Good,Neutral,NoAccount,NoAccount,54,Own,YearLess1,Skilled,None,1,None,CarNew,2255,0.04
Good,VeryPoor,VeryLow,VeryLow,37,Own,Years4_7,Skilled,None,2,None,CarNew,609,0.04
Good,VeryPoor,VeryLow,VeryLow,40,Own,YearLess1,Unskilled,None,1,None,CarNew,1361,0.02
Bad,VeryPoor,NoAccount,VeryLow,23,Rent,YearLess1,Skilled,None,2,None,Other,7127,0.02
Good,Neutral,VeryLow,Low,43,Own,YearsMore7,Skilled,None,1,None,CarNew,1203,0.03
Good,VeryPoor,NoAccount,NoAccount,36,Other,YearsMore7,Skilled,None,2,None,Other,700,0.04
Good,VeryPoor,NoAccount,VeryLow,44,Other,YearsMore7,Skilled,None,2,None,Repairs,5507,0.03
Bad,Neutral,VeryLow,VeryLow,24,Own,Years1_4,Skilled,None,1,None,Other,3190,0.02
Bad,VeryGood,VeryLow,VeryLow,53,Other,Years1_4,Skilled,None,2,None,Other,7119,0.03
Good,Neutral,NoAccount,Low,23,Own,Years4_7,Skilled,None,1,None,CarUsed,3488,0.03
Good,Neutral,Low,VeryLow,26,Own,Years1_4,Unskilled,None,1,Guarantor,Other,1113,0.04
Good,Neutral,Low,VeryLow,30,Own,YearLess1,Skilled,None,2,None,CarUsed,7966,0.02
Good,VeryPoor,NoAccount,Low,31,Own,Years1_4,Skilled,None,1,None,Education,1532,0.04
Good,VeryPoor,NoAccount,VeryLow,42,Own,Years4_7,Unskilled,None,2,None,Other,1503,0.02
Bad,Neutral,VeryLow,VeryLow,31,Rent,Years1_4,Skilled,None,1,None,Other,2302,0.04
Good,Neutral,VeryLow,VeryLow,41,Own,YearLess1,Unskilled,None,1,None,CarNew,662,0.03
Good,Neutral,Low,VeryLow,32,Own,Years4_7,Skilled,None,2,None,Education,2273,0.03
Bad,Neutral,Low,Low,28,Rent,Years1_4,Skilled,None,2,None,CarNew,2631,0.02
Good,Poor,NoAccount,VeryLow,41,Rent,Years1_4,Skilled,None,1,None,CarUsed,1503,0.04
Good,Neutral,NoAccount,Low,26,Own,Years4_7,Skilled,None,1,None,Other,1311,0.04
Good,Neutral,NoAccount,NoAccount,25,Own,YearLess1,Skilled,None,2,None,Other,3105,0.04
Bad,VeryPoor,High,VeryLow,33,Rent,YearLess1,Skilled,None,1,None,Education,2319,0.02
Good,Neutral,VeryLow,NoAccount,75,Own,Unemployed,HighlySkilled,None,1,None,CarNew,1374,0.04
Good,VeryPoor,Low,VeryLow,37,Own,YearsMore7,Skilled,None,1,None,Other,3612,0.03
Bad,Neutral,VeryLow,VeryLow,42,Other,YearsMore7,HighlySkilled,BankCard,1,None,CarNew,7763,0.04
Good,Neutral,High,VeryLow,45,Own,YearLess1,Unskilled,StoreCard,1,None,Other,3049,0.01
Bad,Neutral,Low,VeryLow,23,Rent,YearLess1,Skilled,None,1,None,Other,1534,0.01
Good,Poor,NoAccount,VeryLow,60,Other,YearsMore7,Skilled,None,2,None,CarNew,2032,0.04
Bad,Neutral,VeryLow,NoAccount,31,Own,YearsMore7,Skilled,None,1,None,Other,6350,0.04
Bad,Neutral,High,VeryLow,34,Own,Years1_4,Unskilled,None,1,None,Other,2864,0.02
Good,VeryPoor,NoAccount,VeryLow,61,Own,YearsMore7,Unskilled,None,2,None,CarNew,1255,0.04
Bad,Poor,VeryLow,VeryLow,43,Other,Unemployed,Skilled,None,2,None,CarNew,1333,0.04
Good,VeryPoor,NoAccount,VeryLow,37,Own,Years1_4,Skilled,None,1,None,CarNew,2022,0.04
Good,Neutral,NoAccount,VeryLow,32,Own,Years4_7,Skilled,BankCard,1,None,Other,1552,0.03
Bad,Good,VeryLow,VeryLow,24,Own,Years1_4,Unskilled,BankCard,1,None,Other,626,0.04
Good,VeryPoor,NoAccount,NoAccount,35,Other,Years4_7,Skilled,None,2,None,CarUsed,8858,0.02
Good,VeryPoor,NoAccount,NoAccount,23,Own,Years4_7,Skilled,None,2,None,Repairs,996,0.04
Good,Good,NoAccount,Medium,45,Own,YearsMore7,Unskilled,BankCard,1,None,Other,1750,0.02
Bad,Neutral,VeryLow,VeryLow,34,Own,Years4_7,Skilled,None,2,Guarantor,Other,6999,0.01
Good,VeryPoor,Low,Low,27,Own,YearLess1,Skilled,None,1,None,CarNew,1995,0.04
Good,Neutral,Low,VeryLow,67,Own,Years4_7,HighlySkilled,None,2,None,Education,1199,0.04
Bad,Neutral,Low,VeryLow,22,Own,YearLess1,Skilled,StoreCard,1,None,Other,1331,0.02
Bad,VeryGood,Low,Low,28,Own,YearLess1,Skilled,None,2,None,CarNew,2278,0.03
Bad,VeryGood,NoAccount,NoAccount,29,Own,Years1_4,Skilled,BankCard,2,None,CarNew,5003,0.01
Bad,Good,VeryLow,VeryLow,27,Own,Years4_7,Skilled,BankCard,1,None,Other,3552,0.03
Bad,VeryPoor,Low,VeryLow,31,Own,YearLess1,Unskilled,None,2,None,Other,1928,0.02
Good,Neutral,VeryLow,NoAccount,49,Other,YearsMore7,Skilled,BankCard,1,None,CarUsed,2964,0.04
Bad,Good,VeryLow,VeryLow,24,Rent,Years4_7,Unskilled,BankCard,1,Guarantor,Other,1546,0.04
Good,Poor,High,VeryLow,29,Own,YearLess1,Skilled,BankCard,1,None,Other,683,0.02
Bad,Neutral,Low,NoAccount,37,Other,Years1_4,Skilled,None,1,None,CarNew,12389,0.01
Good,Poor,Low,NoAccount,37,Own,Years1_4,HighlySkilled,BankCard,2,None,Business,4712,0.04
Good,Poor,Low,Low,23,Rent,Years4_7,Skilled,None,2,None,Other,1553,0.03
Bad,Neutral,VeryLow,VeryLow,36,Own,Years4_7,Skilled,None,1,None,CarNew,1372,0.02
Good,VeryPoor,NoAccount,High,34,Own,YearsMore7,Skilled,None,1,None,Other,2578,0.02
Good,Neutral,Low,NoAccount,41,Own,Years4_7,Skilled,None,2,None,Other,3979,0.04
Bad,Neutral,VeryLow,VeryLow,31,Own,Years1_4,Skilled,None,1,None,Other,6758,0.03
Bad,Neutral,VeryLow,VeryLow,23,Rent,YearLess1,Unskilled,None,1,None,Other,3234,0.04
Good,VeryPoor,NoAccount,VeryLow,38,Own,Years4_7,Skilled,None,1,CoApplicant,Other,5954,0.03
Good,Neutral,NoAccount,NoAccount,26,Rent,Unemployed,HighlySkilled,None,1,None,CarUsed,5433,0.02
Good,Neutral,VeryLow,VeryLow,22,Own,Years1_4,Unskilled,None,1,None,Business,806,0.04
Good,Neutral,Low,VeryLow,27,Own,YearsMore7,Unskilled,None,2,None,Other,1082,0.04
Good,VeryPoor,NoAccount,VeryLow,24,Own,Years4_7,Skilled,BankCard,2,CoApplicant,Other,2788,0.02
Good,Neutral,Low,VeryLow,27,Own,Years4_7,Skilled,None,1,None,Other,2930,0.02
Good,VeryPoor,NoAccount,NoAccount,33,Own,Years1_4,Skilled,None,2,None,Education,1927,0.03
Bad,VeryPoor,Low,VeryLow,27,Own,YearLess1,Skilled,None,2,None,CarNew,2820,0.04
Good,Neutral,NoAccount,VeryLow,27,Own,YearLess1,Unskilled,None,2,None,Education,937,0.04
Bad,VeryPoor,Low,VeryLow,30,Own,YearsMore7,Skilled,BankCard,2,Guarantor,CarNew,1056,0.03
Good,VeryPoor,Low,VeryLow,49,Own,YearLess1,Unskilled,BankCard,2,None,CarNew,3124,0.01
Good,Neutral,NoAccount,VeryLow,26,Rent,Years1_4,Skilled,None,1,None,Other,1388,0.04
Bad,Neutral,Low,VeryLow,33,Rent,YearLess1,Unskilled,None,1,None,Repairs,2384,0.04
Good,Neutral,NoAccount,NoAccount,52,Other,YearsMore7,HighlySkilled,None,1,None,CarNew,2133,0.04
Bad,Neutral,VeryLow,VeryLow,20,Rent,Years1_4,Skilled,BankCard,1,None,Other,2039,0.01
Good,VeryPoor,VeryLow,VeryLow,36,Rent,Years1_4,Skilled,None,2,None,CarNew,2799,0.02
Good,Neutral,VeryLow,VeryLow,21,Own,Years1_4,Unskilled,None,1,Guarantor,Other,1289,0.04
Bad,Neutral,VeryLow,VeryLow,47,Own,Years1_4,Unskilled,None,1,None,Other,1217,0.04
Bad,VeryPoor,VeryLow,VeryLow,60,Own,YearsMore7,Skilled,None,2,None,Other,2246,0.03
Good,VeryPoor,VeryLow,VeryLow,58,Own,Years4_7,Unskilled,None,4,None,Other,385,0.04
Good,Poor,Low,NoAccount,42,Rent,Years1_4,Skilled,None,2,None,CarNew,1965,0.04
Good,Neutral,NoAccount,High,36,Own,YearsMore7,Unskilled,BankCard,1,None,Business,1572,0.04
Bad,Neutral,Low,VeryLow,20,Rent,Years1_4,Unskilled,None,1,None,CarNew,2718,0.03
Bad,Good,VeryLow,NoAccount,40,Own,YearsMore7,HighlySkilled,StoreCard,1,None,Other,1358,0.04
Bad,Good,Low,Low,32,Own,YearLess1,Unskilled,StoreCard,1,None,CarNew,931,0.01
Bad,Neutral,VeryLow,VeryLow,23,Rent,Years4_7,Skilled,None,2,None,CarNew,1442,0.04
Bad,VeryGood,Low,VeryLow,36,Own,Years1_4,Unskilled,None,3,None,Business,4241,0.01
Bad,VeryPoor,NoAccount,VeryLow,31,Own,Years4_7,Skilled,BankCard,2,None,CarNew,2775,0.02
Good,Poor,NoAccount,VeryLow,32,Other,Years1_4,Skilled,None,1,None,Business,3863,0.01
Good,Neutral,Low,VeryLow,45,Own,YearLess1,Skilled,None,1,Guarantor,Other,2329,0.01
Bad,Neutral,Low,VeryLow,30,Own,Years1_4,Skilled,None,1,None,Other,918,0.04
Bad,Good,Low,VeryLow,34,Other,Years4_7,Unskilled,BankCard,1,None,Education,1837,0.04
Bad,Neutral,NoAccount,VeryLow,28,Own,Years1_4,HighlySkilled,None,1,None,Other,3349,0.04
Good,Neutral,High,VeryLow,23,Own,YearLess1,Skilled,None,1,None,Other,1275,0.04
Good,Good,VeryLow,Medium,22,Own,Years1_4,Skilled,StoreCard,1,None,Other,2828,0.04
Good,VeryPoor,NoAccount,VeryLow,74,Own,Years1_4,HighlySkilled,None,1,None,Business,4526,0.03
Bad,Neutral,Low,Low,50,Other,Years1_4,Skilled,None,1,CoApplicant,Other,2671,0.04
Good,Neutral,NoAccount,VeryLow,33,Own,YearLess1,Skilled,None,1,None,Other,2051,0.04
Good,Neutral,NoAccount,NoAccount,45,Other,YearsMore7,Skilled,BankCard,1,None,CarUsed,1300,0.04
Bad,Neutral,VeryLow,Low,22,Own,Unemployed,Skilled,None,1,None,Other,741,0.04
Bad,Neutral,High,Low,48,Other,YearsMore7,Unskilled,None,1,None,CarNew,1240,0.01
Good,Neutral,VeryLow,High,29,Own,YearLess1,Skilled,BankCard,1,None,Other,3357,0.04
Good,Good,VeryLow,VeryLow,22,Rent,Years1_4,Skilled,BankCard,1,Guarantor,CarUsed,3632,0.01
Bad,Poor,NoAccount,VeryLow,22,Own,Years4_7,Skilled,None,1,None,Other,1808,0.04
Good,VeryGood,Low,NoAccount,48,Own,Years1_4,HighlySkilled,BankCard,1,None,Business,12204,0.02
Good,Poor,Low,NoAccount,27,Other,Years1_4,HighlySkilled,None,1,None,Other,9157,0.02
Good,VeryPoor,VeryLow,VeryLow,37,Rent,Years1_4,Skilled,None,3,None,CarNew,3676,0.01
Bad,Neutral,Low,Low,21,Rent,Years1_4,Skilled,None,1,CoApplicant,Other,3441,0.02
Good,Neutral,NoAccount,VeryLow,49,Own,Years1_4,Unskilled,None,1,None,CarNew,640,0.04
Good,VeryPoor,Low,VeryLow,27,Own,Years4_7,Skilled,None,2,None,Business,3652,0.02
Bad,VeryPoor,NoAccount,VeryLow,32,Own,Years1_4,Skilled,BankCard,2,None,CarNew,1530,0.03
Bad,Neutral,NoAccount,NoAccount,38,Own,Years1_4,Skilled,BankCard,1,None,Business,3914,0.04
Good,Neutral,VeryLow,VeryLow,22,Rent,YearLess1,Skilled,None,1,None,Other,1858,0.04
Bad,Neutral,VeryLow,VeryLow,65,Other,Years1_4,Skilled,None,2,None,Other,2600,0.04
Good,Neutral,NoAccount,NoAccount,35,Own,YearsMore7,Skilled,None,1,None,Other,1979,0.04
Good,Neutral,High,VeryLow,41,Own,Years1_4,Skilled,None,1,None,Other,2116,0.02
Bad,Good,Low,Low,29,Own,Years4_7,Skilled,None,1,None,CarNew,1437,0.02
Good,VeryPoor,NoAccount,Medium,36,Own,Years1_4,Skilled,None,2,None,Other,4042,0.04
Good,Neutral,NoAccount,NoAccount,64,Own,YearsMore7,Unskilled,None,1,None,Education,3832,0.01
Good,Neutral,VeryLow,VeryLow,28,Own,Years1_4,Skilled,None,1,None,Other,3660,0.02
Bad,Good,VeryLow,VeryLow,44,Own,Years1_4,Skilled,BankCard,1,None,Other,1553,0.04
Good,Neutral,Low,NoAccount,23,Own,YearLess1,Skilled,None,1,None,Other,1444,0.04
Bad,Neutral,NoAccount,VeryLow,19,Rent,YearLess1,Skilled,None,2,CoApplicant,Other,1980,0.02
Bad,Neutral,Low,VeryLow,25,Own,YearLess1,Unskilled,None,1,None,CarNew,1355,0.03
Good,Neutral,NoAccount,VeryLow,47,Own,YearsMore7,Skilled,BankCard,3,None,Education,1393,0.04
Good,Neutral,NoAccount,Medium,28,Own,Years4_7,Skilled,None,1,None,Other,1376,0.04
Good,Poor,NoAccount,VeryLow,21,Own,Years4_7,Skilled,None,2,None,Other,15653,0.02
Good,Neutral,NoAccount,VeryLow,34,Own,YearLess1,Skilled,None,1,None,Other,1493,0.04
Bad,Poor,VeryLow,VeryLow,26,Own,Years4_7,Skilled,BankCard,2,None,Other,4370,0.03
Bad,Neutral,VeryLow,VeryLow,27,Own,Unemployed,Unemployed,None,1,None,Education,750,0.04
Good,Neutral,Low,VeryLow,38,Own,YearsMore7,Unskilled,None,2,None,Repairs,1308,0.04
Bad,Neutral,NoAccount,Low,40,Own,Years1_4,HighlySkilled,None,1,None,Education,4623,0.03
Good,VeryPoor,NoAccount,VeryLow,33,Own,Years4_7,Skilled,None,2,Guarantor,Other,1851,0.04
Good,VeryPoor,VeryLow,VeryLow,32,Own,Years4_7,HighlySkilled,None,2,None,Other,1880,0.04
Bad,Poor,NoAccount,NoAccount,27,Rent,YearLess1,Skilled,None,2,None,Business,7980,0.04
Good,VeryGood,VeryLow,VeryLow,32,Own,Years1_4,Skilled,None,2,Guarantor,Other,4583,0.02
Bad,Neutral,NoAccount,Medium,26,Own,Years1_4,Skilled,None,1,None,CarNew,1386,0.02
Bad,Neutral,High,VeryLow,38,Other,Years4_7,Skilled,BankCard,1,None,CarNew,947,0.04
Bad,Neutral,VeryLow,VeryLow,40,Rent,Years1_4,Unskilled,None,1,None,Education,684,0.04
Good,Neutral,VeryLow,VeryLow,50,Other,Years4_7,HighlySkilled,None,1,None,Education,7476,0.04
Bad,Neutral,Low,VeryLow,37,Own,Years1_4,Unskilled,None,1,None,Other,1922,0.04
Bad,Neutral,VeryLow,VeryLow,45,Own,YearsMore7,Skilled,None,1,CoApplicant,CarNew,2303,0.04
Bad,Poor,Low,Low,42,Own,YearsMore7,HighlySkilled,None,4,None,CarNew,8086,0.02
Good,VeryPoor,NoAccount,VeryLow,35,Own,Years4_7,Skilled,None,2,None,CarUsed,2346,0.04
Good,Neutral,VeryLow,VeryLow,22,Other,Unemployed,Skilled,None,1,None,CarNew,3973,0.01
Bad,Neutral,Low,VeryLow,41,Own,YearsMore7,Unskilled,BankCard,1,None,CarNew,888,0.04
Good,Neutral,NoAccount,NoAccount,37,Own,Years4_7,Skilled,StoreCard,1,None,Other,10222,0.04
Good,VeryGood,Low,VeryLow,28,Own,Years1_4,Skilled,None,2,None,Business,4221,0.02
Good,VeryPoor,Low,VeryLow,41,Own,YearsMore7,Skilled,None,1,None,Other,6361,0.02
Good,Neutral,High,VeryLow,23,Rent,Years1_4,Skilled,None,1,None,Other,1297,0.03
Bad,Neutral,VeryLow,NoAccount,23,Own,Years1_4,Skilled,None,1,None,CarNew,900,0.04
Good,Neutral,NoAccount,VeryLow,50,Own,YearsMore7,Skilled,None,2,None,Other,2241,0.04
Good,Poor,Low,VeryLow,35,Own,Unemployed,HighlySkilled,StoreCard,2,None,Other,1050,0.04
Good,VeryPoor,High,VeryLow,50,Own,Years1_4,Unskilled,None,1,None,Education,1047,0.02
Good,VeryPoor,NoAccount,VeryLow,27,Own,Unemployed,HighlySkilled,BankCard,2,CoApplicant,Other,6314,0.04
Good,Good,Low,High,34,Own,Years1_4,Skilled,StoreCard,1,None,Other,3496,0.04
Good,Good,NoAccount,VeryLow,27,Own,Years1_4,Skilled,StoreCard,1,None,Business,3609,0.01
Bad,VeryPoor,VeryLow,VeryLow,43,Rent,YearsMore7,Skilled,None,2,CoApplicant,CarNew,4843,0.03
Good,VeryPoor,High,VeryLow,47,Own,YearsMore7,Skilled,None,1,None,Other,3017,0.04
Good,VeryPoor,NoAccount,Low,27,Own,Years1_4,Unskilled,None,2,None,Business,4139,0.03
Good,Neutral,NoAccount,Low,31,Own,Years4_7,Skilled,None,2,None,Business,5742,0.02
Good,Neutral,NoAccount,VeryLow,42,Own,YearsMore7,HighlySkilled,None,1,None,CarNew,10366,0.02
Good,VeryPoor,NoAccount,Medium,24,Own,Years1_4,Skilled,None,1,None,CarNew,2080,0.01
Bad,Poor,NoAccount,Medium,41,Own,YearLess1,Unskilled,BankCard,1,None,Business,2580,0.04
Good,VeryPoor,NoAccount,VeryLow,26,Rent,Years4_7,HighlySkilled,None,1,None,Other,4530,0.04
Good,VeryPoor,NoAccount,VeryLow,33,Own,YearsMore7,Skilled,None,1,None,Other,5150,0.04
Bad,Neutral,Low,Low,24,Own,Years1_4,Skilled,None,1,None,Other,5595,0.02
Good,Neutral,VeryLow,VeryLow,64,Rent,YearsMore7,Unskilled,BankCard,1,None,Other,2384,0.04
Good,Neutral,NoAccount,VeryLow,26,Own,YearLess1,Skilled,None,1,None,Other,1453,0.03
Good,Neutral,NoAccount,VeryLow,56,Own,YearLess1,Skilled,None,1,None,Education,1538,0.01
Good,Neutral,NoAccount,NoAccount,37,Other,Years1_4,Skilled,None,1,None,Other,2279,0.04
Good,Poor,NoAccount,VeryLow,33,Own,Years1_4,Skilled,BankCard,2,None,Other,1478,0.04
Good,VeryPoor,NoAccount,VeryLow,47,Other,YearLess1,Skilled,None,3,None,Other,5103,0.03
Good,Poor,Low,Low,31,Own,Years4_7,Unskilled,None,2,None,Business,9857,0.01
Good,Neutral,NoAccount,NoAccount,34,Other,Years1_4,Skilled,None,1,None,CarNew,6527,0.04
Good,VeryPoor,High,NoAccount,27,Own,Years4_7,Skilled,None,2,None,Other,1347,0.04
Good,Poor,Low,Low,30,Other,YearsMore7,Skilled,None,1,None,CarNew,2862,0.04
Good,Neutral,NoAccount,Low,35,Own,YearsMore7,Skilled,None,1,CoApplicant,Other,2753,0.03
Good,Neutral,VeryLow,High,31,Own,Years1_4,Skilled,None,1,None,CarNew,3651,0.01
Good,VeryPoor,VeryLow,VeryLow,25,Own,Years1_4,Skilled,None,2,None,Other,975,0.02
Good,Neutral,Low,Low,25,Own,Years1_4,Unskilled,None,1,None,Repairs,2631,0.03
Good,Neutral,Low,Low,29,Own,YearLess1,Skilled,None,1,None,Other,2896,0.02
Good,VeryPoor,VeryLow,NoAccount,44,Own,YearLess1,Unskilled,None,2,None,CarNew,4716,0.01
Good,Neutral,NoAccount,VeryLow,28,Own,Years4_7,Skilled,None,1,None,Other,2284,0.04
Good,Neutral,NoAccount,Medium,50,Rent,Years1_4,Skilled,None,1,None,CarUsed,1236,0.02
Good,Neutral,Low,VeryLow,29,Own,Years4_7,Skilled,None,2,Guarantor,Other,1103,0.04
Good,VeryPoor,NoAccount,VeryLow,38,Own,Unemployed,Unemployed,None,1,None,CarNew,926,0.01
Good,VeryPoor,NoAccount,VeryLow,24,Own,Years1_4,Skilled,None,2,None,Other,1800,0.04
Good,Neutral,High,VeryLow,40,Rent,YearsMore7,HighlySkilled,None,1,None,Education,1905,0.04
Bad,Neutral,NoAccount,Medium,29,Rent,Years1_4,Unskilled,None,1,None,Other,1123,0.04
Bad,VeryPoor,VeryLow,VeryLow,46,Other,YearsMore7,Skilled,None,2,None,CarUsed,6331,0.04
Good,Neutral,High,Low,47,Other,YearsMore7,Skilled,None,1,None,Other,1377,0.04
Good,Poor,Low,Low,41,Own,YearsMore7,Skilled,StoreCard,2,None,Business,2503,0.04
Good,Neutral,Low,VeryLow,32,Own,YearLess1,Skilled,None,1,None,Business,2528,0.04
Good,Neutral,NoAccount,Medium,35,Other,YearsMore7,Skilled,None,1,None,CarNew,5324,0.01
Bad,Neutral,Low,Low,24,Own,Years4_7,Skilled,None,1,None,CarNew,6560,0.03
Bad,VeryGood,Low,VeryLow,25,Rent,YearLess1,Skilled,None,2,None,Other,2969,0.04
Good,Neutral,Low,VeryLow,25,Own,YearsMore7,Skilled,None,1,None,Other,1206,0.04
Good,Neutral,Low,VeryLow,37,Own,Years1_4,Unskilled,None,1,None,Other,2118,0.02
Good,VeryPoor,NoAccount,Medium,32,Own,YearsMore7,HighlySkilled,BankCard,2,None,Other,629,0.04
Bad,Good,VeryLow,VeryLow,35,Other,YearsMore7,Skilled,None,1,None,Education,1198,0.04
Good,Neutral,NoAccount,NoAccount,46,Own,YearsMore7,HighlySkilled,None,1,None,CarUsed,2476,0.04
Good,VeryPoor,VeryLow,VeryLow,25,Own,Years1_4,Unskilled,None,2,None,Other,1138,0.04
Bad,Neutral,Low,VeryLow,27,Own,Years4_7,HighlySkilled,None,1,None,CarNew,14027,0.04
Good,VeryPoor,NoAccount,NoAccount,63,Own,YearsMore7,Skilled,None,2,None,CarUsed,7596,0.01
Good,VeryPoor,NoAccount,NoAccount,40,Own,YearsMore7,Skilled,None,2,None,Other,3077,0.03
Good,Neutral,NoAccount,VeryLow,32,Other,Years1_4,HighlySkilled,None,1,None,Other,1505,0.04
Good,VeryPoor,High,NoAccount,31,Own,Years1_4,Skilled,None,2,None,Other,3148,0.03
Good,VeryGood,Low,Low,31,Own,YearsMore7,Skilled,BankCard,2,None,CarUsed,6148,0.03
Bad,VeryGood,High,VeryLow,34,Own,YearLess1,HighlySkilled,None,2,None,Other,1337,0.04
Bad,Good,Low,High,24,Rent,YearLess1,Skilled,BankCard,1,None,Education,433,0.04
Bad,Neutral,VeryLow,VeryLow,24,Own,Years1_4,Unskilled,None,1,None,CarNew,1228,0.04
Good,Neutral,Low,Medium,66,Own,Years1_4,Unskilled,None,1,None,Other,790,0.04
Bad,Neutral,NoAccount,VeryLow,21,Rent,Years1_4,Skilled,None,1,None,CarNew,2570,0.03
Good,VeryPoor,NoAccount,High,41,Own,Years1_4,Unskilled,BankCard,2,None,CarNew,250,0.02
Good,VeryPoor,NoAccount,Medium,47,Own,Years1_4,Unskilled,None,2,None,Other,1316,0.02
Bad,Neutral,VeryLow,VeryLow,25,Rent,Years1_4,Skilled,BankCard,2,None,Other,1882,0.04
Bad,Good,Low,VeryLow,59,Rent,YearsMore7,Skilled,None,1,None,Business,6416,0.04
Good,VeryPoor,High,High,36,Own,Years1_4,Skilled,None,2,None,Business,1275,0.02
Good,Poor,Low,VeryLow,33,Own,YearLess1,Skilled,None,1,None,Other,6403,0.01
Bad,Neutral,VeryLow,VeryLow,21,Rent,Years1_4,Unskilled,None,1,None,Other,1987,0.02
Good,Neutral,Low,VeryLow,44,Own,Years4_7,Unskilled,None,1,Guarantor,Other,760,0.04
Good,Neutral,NoAccount,High,28,Rent,Years1_4,Skilled,None,1,None,CarUsed,2603,0.02
Good,VeryPoor,NoAccount,VeryLow,37,Own,Years4_7,Skilled,None,1,None,CarNew,3380,0.01
Good,Good,Low,NoAccount,29,Own,YearLess1,Unemployed,BankCard,1,None,Other,3990,0.03
Bad,Neutral,Low,VeryLow,23,Rent,Years1_4,HighlySkilled,None,2,None,CarUsed,11560,0.01
Good,Neutral,VeryLow,Low,35,Own,Years1_4,Unskilled,None,1,None,CarNew,4380,0.03
Good,VeryPoor,NoAccount,VeryLow,45,Own,Years4_7,HighlySkilled,None,2,None,CarNew,6761,0.01
Bad,VeryGood,Low,Low,26,Rent,Years1_4,Unskilled,None,2,None,Business,4280,0.04
Good,Good,VeryLow,Low,32,Own,Years4_7,Skilled,BankCard,1,None,CarNew,2325,0.02
Good,Good,Low,VeryLow,23,Own,Years1_4,Unskilled,StoreCard,1,None,Other,1048,0.04
Good,Neutral,NoAccount,NoAccount,41,Own,YearsMore7,Skilled,None,1,None,Other,3160,0.04
Good,Good,VeryLow,Medium,22,Own,Years1_4,Skilled,StoreCard,1,None,Other,2483,0.04
Good,VeryPoor,VeryLow,NoAccount,30,Own,Years4_7,HighlySkilled,None,2,None,Other,14179,0.04
Good,VeryPoor,VeryLow,VeryLow,28,Own,YearLess1,Unskilled,BankCard,2,None,Business,1797,0.03
Good,Neutral,VeryLow,VeryLow,23,Rent,Unemployed,Skilled,None,1,None,CarNew,2511,0.01
Bad,Neutral,VeryLow,VeryLow,37,Own,YearLess1,Unskilled,None,1,None,CarNew,1274,0.03
Good,Neutral,NoAccount,NoAccount,26,Own,Years1_4,Skilled,None,1,None,CarUsed,5248,0.01
Good,Neutral,NoAccount,VeryLow,33,Own,Years4_7,Skilled,None,1,None,CarUsed,3029,0.02
Good,Neutral,VeryLow,VeryLow,49,Own,YearsMore7,Skilled,BankCard,1,None,Other,428,0.02
Bad,Neutral,VeryLow,VeryLow,23,Own,YearLess1,Unskilled,None,1,None,CarNew,976,0.01
Good,Neutral,Low,Low,23,Rent,Years4_7,Unskilled,None,1,None,Business,841,0.02
Good,VeryPoor,NoAccount,VeryLow,25,Own,Years4_7,Skilled,None,2,None,Other,5771,0.04
Bad,Poor,NoAccount,High,55,Other,YearsMore7,Skilled,None,2,None,Repairs,1555,0.04
Bad,Neutral,VeryLow,NoAccount,32,Rent,Years4_7,Skilled,None,1,None,CarNew,1285,0.04
Good,VeryPoor,High,VeryLow,74,Own,Years1_4,Unemployed,None,3,None,CarNew,1299,0.01
Bad,VeryPoor,High,NoAccount,39,Other,Years1_4,Skilled,None,2,None,Other,1271,0.03
Good,Neutral,NoAccount,VeryLow,31,Own,Years1_4,Skilled,None,1,Guarantor,CarNew,1393,0.02
Bad,VeryPoor,VeryLow,VeryLow,35,Own,YearsMore7,Skilled,None,2,None,CarNew,691,0.04
Good,VeryPoor,NoAccount,NoAccount,59,Own,YearsMore7,Skilled,None,1,None,CarNew,5045,0.01
Bad,VeryPoor,VeryLow,VeryLow,24,Rent,Years1_4,Skilled,None,2,None,Other,2124,0.04
Good,Neutral,VeryLow,VeryLow,24,Own,Years1_4,Unskilled,None,1,None,Other,2214,0.04
Bad,VeryPoor,NoAccount,NoAccount,30,Other,YearsMore7,HighlySkilled,None,1,None,CarNew,12680,0.04
Good,VeryPoor,NoAccount,Low,27,Own,Years4_7,Skilled,None,2,None,CarNew,2463,0.04
Good,Neutral,Low,VeryLow,40,Own,YearsMore7,Unskilled,BankCard,2,Guarantor,Other,1155,0.03
Bad,Neutral,VeryLow,VeryLow,31,Own,YearLess1,Unskilled,None,1,None,Other,3108,0.02
Good,Neutral,NoAccount,NoAccount,31,Rent,YearLess1,Skilled,None,1,None,CarUsed,2901,0.01
Good,VeryPoor,Low,VeryLow,28,Rent,YearsMore7,Skilled,None,3,None,Other,3617,0.01
Good,VeryPoor,NoAccount,VeryLow,63,Own,YearsMore7,Unskilled,None,2,None,Other,1655,0.02
Good,Neutral,VeryLow,NoAccount,26,Rent,YearsMore7,Skilled,None,1,None,CarUsed,2812,0.02
Bad,VeryPoor,VeryLow,VeryLow,25,Own,Years1_4,HighlySkilled,None,2,None,Education,8065,0.03
Good,VeryPoor,NoAccount,VeryLow,36,Own,YearsMore7,HighlySkilled,None,1,None,CarUsed,3275,0.01
Good,VeryPoor,NoAccount,Low,52,Own,YearsMore7,Skilled,BankCard,2,None,Other,2223,0.04
Good,VeryPoor,High,Medium,66,Other,Unemployed,Unemployed,BankCard,3,None,CarNew,1480,0.02
Bad,Neutral,VeryLow,NoAccount,25,Rent,Years1_4,Skilled,None,1,None,CarNew,1371,0.04
Good,VeryPoor,NoAccount,VeryLow,37,Own,Years4_7,Skilled,None,2,None,CarNew,3535,0.04
Good,Neutral,VeryLow,VeryLow,25,Own,Years4_7,Skilled,None,1,Guarantor,Other,3509,0.04
Good,VeryPoor,NoAccount,High,38,Own,YearsMore7,HighlySkilled,None,2,None,CarUsed,5711,0.04
Good,Neutral,Low,VeryLow,67,Own,Unemployed,Skilled,None,1,None,Repairs,3872,0.02
Bad,VeryPoor,Low,VeryLow,25,Own,Years4_7,Skilled,None,2,Guarantor,Other,4933,0.02
Good,VeryPoor,NoAccount,High,60,Own,YearsMore7,Skilled,None,1,None,CarNew,1940,0.04
Good,VeryGood,Low,VeryLow,31,Own,Years1_4,Unskilled,None,1,None,Education,1410,0.02
Bad,Neutral,Low,Low,23,Own,YearLess1,Unskilled,BankCard,1,None,CarNew,836,0.04
Good,Neutral,Low,NoAccount,60,Own,Unemployed,HighlySkilled,None,1,None,CarUsed,6468,0.01
Good,Neutral,Low,High,35,Own,Years1_4,Unskilled,None,1,None,Business,1941,0.04
Good,Neutral,NoAccount,Medium,40,Own,YearsMore7,Skilled,None,1,None,Other,2675,0.03
Good,VeryPoor,NoAccount,NoAccount,38,Own,YearsMore7,Skilled,None,2,None,CarUsed,2751,0.04
Bad,Poor,Low,VeryLow,50,Other,YearsMore7,Skilled,None,1,None,Education,6224,0.04
Bad,VeryPoor,VeryLow,VeryLow,27,Own,Years1_4,Skilled,BankCard,1,None,Education,5998,0.04
Bad,Neutral,Low,VeryLow,39,Own,YearsMore7,Skilled,None,1,None,Business,1188,0.02
Good,Neutral,NoAccount,NoAccount,41,Own,YearsMore7,HighlySkilled,None,1,None,CarUsed,6313,0.03
Good,VeryPoor,NoAccount,NoAccount,27,Own,Years1_4,Skilled,None,2,None,Other,1221,0.01
Good,Neutral,High,VeryLow,51,Other,YearsMore7,Skilled,None,1,None,Other,2892,0.03
Good,Neutral,NoAccount,Medium,32,Rent,YearsMore7,Skilled,None,1,None,Other,3062,0.04
Good,Neutral,NoAccount,Low,22,Rent,YearLess1,Skilled,None,1,None,Other,2301,0.02
Bad,Neutral,VeryLow,NoAccount,51,Other,YearsMore7,Skilled,None,1,None,CarUsed,7511,0.01
Good,VeryPoor,NoAccount,VeryLow,22,Rent,YearLess1,Unskilled,None,2,None,Other,1258,0.02
Good,Poor,NoAccount,NoAccount,54,Own,YearsMore7,Skilled,None,2,None,CarNew,717,0.04
Good,Neutral,Low,NoAccount,35,Own,YearLess1,Unemployed,None,1,None,CarNew,1549,0.04
Good,VeryPoor,NoAccount,VeryLow,54,Other,YearsMore7,Skilled,None,2,None,Education,1597,0.04
Good,VeryPoor,Low,VeryLow,48,Rent,YearsMore7,Unskilled,BankCard,2,Guarantor,Other,1795,0.03
Good,VeryPoor,VeryLow,VeryLow,24,Own,YearsMore7,Skilled,None,2,None,Other,4272,0.01
Good,VeryPoor,NoAccount,NoAccount,35,Own,YearsMore7,Skilled,None,2,None,Other,976,0.04
Good,Neutral,Low,NoAccount,24,Rent,Unemployed,Unemployed,None,1,None,CarNew,7472,0.01
Bad,Neutral,VeryLow,VeryLow,24,Own,Years4_7,Skilled,None,1,None,CarNew,9271,0.02
Good,Neutral,Low,VeryLow,26,Own,YearLess1,Unskilled,None,1,None,Other,590,0.03
Good,VeryPoor,NoAccount,NoAccount,65,Own,YearsMore7,Skilled,None,4,None,Other,930,0.04
Good,Good,Low,VeryLow,55,Other,Unemployed,HighlySkilled,BankCard,1,None,CarUsed,9283,0.01
Bad,VeryGood,Low,VeryLow,26,Rent,YearLess1,Unemployed,None,2,None,CarNew,1778,0.02
Good,Neutral,Low,VeryLow,26,Own,YearLess1,Skilled,None,1,None,Business,907,0.03
Good,Neutral,Low,VeryLow,28,Own,Years4_7,Unskilled,BankCard,1,Guarantor,Other,484,0.03
Bad,VeryPoor,VeryLow,VeryLow,24,Own,Years4_7,Skilled,None,2,None,CarUsed,9629,0.04
Bad,Neutral,VeryLow,VeryLow,54,Own,Years1_4,Skilled,None,1,None,Other,3051,0.03
Bad,Neutral,VeryLow,VeryLow,46,Other,Years4_7,Skilled,None,1,None,CarNew,3931,0.04
Good,Poor,Low,VeryLow,54,Rent,Years1_4,Skilled,None,1,None,CarNew,7432,0.02
Good,Neutral,NoAccount,Medium,62,Own,Years1_4,Skilled,None,1,None,Other,1338,0.01
Good,VeryPoor,NoAccount,VeryLow,24,Rent,Years4_7,Skilled,None,2,None,Other,1554,0.01
Good,Neutral,VeryLow,VeryLow,43,Own,Unemployed,HighlySkilled,None,1,CoApplicant,Other,15857,0.02
Bad,Neutral,VeryLow,VeryLow,26,Own,Years1_4,Skilled,BankCard,1,None,Other,1345,0.04
Good,Neutral,NoAccount,VeryLow,27,Own,Years1_4,Skilled,None,2,None,CarNew,1101,0.03
Good,Neutral,High,VeryLow,24,Own,Years1_4,Skilled,None,1,None,Other,3016,0.03
Bad,Neutral,VeryLow,VeryLow,41,Own,YearsMore7,Skilled,BankCard,1,None,Other,2712,0.02
Good,VeryPoor,VeryLow,VeryLow,47,Own,YearsMore7,Unskilled,None,2,None,CarNew,731,0.04
Good,VeryPoor,NoAccount,VeryLow,35,Own,YearLess1,HighlySkilled,None,2,None,Other,3780,0.03
Good,VeryPoor,VeryLow,VeryLow,30,Own,YearsMore7,Skilled,None,2,None,CarNew,1602,0.04
Bad,VeryPoor,VeryLow,VeryLow,33,Rent,YearsMore7,Skilled,BankCard,3,None,CarNew,3966,0.01
Bad,VeryGood,NoAccount,VeryLow,36,Own,Years1_4,Skilled,StoreCard,2,None,Business,4165,0.02
Bad,Neutral,VeryLow,NoAccount,47,Other,YearsMore7,Skilled,None,1,None,CarUsed,8335,0.03
Good,Poor,Low,NoAccount,38,Other,Years1_4,Skilled,None,1,None,Business,6681,0.04
Good,Poor,NoAccount,Medium,44,Own,Years1_4,Skilled,None,2,None,Business,2375,0.04
Bad,Neutral,VeryLow,VeryLow,23,Rent,YearLess1,Skilled,None,1,None,CarNew,1216,0.04
Bad,VeryGood,VeryLow,VeryLow,29,Rent,YearsMore7,Skilled,None,2,None,Business,11816,0.02
Good,Neutral,Low,NoAccount,42,Own,YearsMore7,Skilled,None,1,None,Other,5084,0.02
Bad,Neutral,High,VeryLow,25,Own,YearLess1,Unskilled,None,1,None,Other,2327,0.02
Bad,VeryGood,VeryLow,VeryLow,48,Own,Years1_4,Skilled,BankCard,2,None,CarNew,1082,0.04
Good,Neutral,NoAccount,NoAccount,21,Own,Years1_4,Skilled,None,1,None,Other,886,0.04
Good,Neutral,NoAccount,VeryLow,23,Rent,YearLess1,Unskilled,None,1,None,Other,601,0.01
Good,VeryPoor,VeryLow,VeryLow,63,Own,YearsMore7,Skilled,None,2,None,CarUsed,2957,0.04
Good,VeryPoor,NoAccount,VeryLow,46,Own,YearsMore7,Skilled,None,2,CoApplicant,Other,2611,0.04
Bad,Neutral,VeryLow,VeryLow,29,Own,Years4_7,Skilled,None,1,None,Other,5179,0.04
Good,Poor,NoAccount,VeryLow,28,Own,Years1_4,Unskilled,StoreCard,2,None,CarUsed,2993,0.03
Bad,Neutral,NoAccount,VeryLow,23,Own,YearLess1,Skilled,None,1,None,Repairs,1943,0.04
Good,Good,NoAccount,VeryLow,50,Own,Years4_7,Skilled,BankCard,1,None,Business,1559,0.04
Good,Neutral,NoAccount,VeryLow,47,Own,YearsMore7,Skilled,BankCard,3,None,Other,3422,0.04
Good,Neutral,Low,NoAccount,35,Own,Years4_7,Skilled,None,1,None,Other,3976,0.02
Bad,Neutral,NoAccount,NoAccount,68,Rent,Years1_4,Skilled,None,2,None,CarNew,6761,0.02
Good,Neutral,NoAccount,VeryLow,28,Own,YearLess1,Skilled,None,1,None,CarNew,1249,0.04
Good,Neutral,VeryLow,VeryLow,59,Own,Years4_7,Skilled,None,1,None,Other,1364,0.03
Bad,Neutral,VeryLow,VeryLow,57,Own,YearsMore7,Unskilled,StoreCard,1,None,Other,709,0.04
Bad,VeryPoor,VeryLow,VeryLow,33,Rent,Years1_4,Skilled,BankCard,2,Guarantor,CarNew,2235,0.04
Good,VeryPoor,NoAccount,NoAccount,43,Own,Years4_7,Skilled,None,2,None,CarUsed,4042,0.03
Good,VeryPoor,NoAccount,VeryLow,35,Other,Years1_4,Skilled,None,2,None,Other,1471,0.04
Bad,Good,VeryLow,VeryLow,32,Other,Years4_7,Unskilled,None,2,None,CarNew,1442,0.04
Good,Poor,NoAccount,VeryLow,45,Own,YearsMore7,Skilled,None,2,None,CarNew,10875,0.02
Good,Neutral,NoAccount,Low,33,Own,YearLess1,Skilled,None,1,None,CarNew,1474,0.04
Good,Neutral,NoAccount,NoAccount,40,Own,Years4_7,Skilled,None,1,None,Education,894,0.04
Good,VeryPoor,NoAccount,VeryLow,28,Other,Years1_4,Skilled,None,1,None,Other,3343,0.04
Bad,Neutral,VeryLow,VeryLow,29,Own,Years1_4,Skilled,None,1,None,CarNew,3959,0.03
Good,Neutral,NoAccount,Low,26,Rent,Years1_4,Skilled,None,1,Guarantor,CarNew,3577,0.01
Good,VeryPoor,NoAccount,High,27,Own,Years1_4,Skilled,None,2,None,CarUsed,5804,0.04
Bad,Poor,NoAccount,VeryLow,28,Own,Years1_4,Skilled,None,1,None,Business,2169,0.04
Bad,Neutral,VeryLow,VeryLow,35,Own,YearLess1,Skilled,None,1,None,Other,2439,0.04
Good,VeryPoor,NoAccount,High,32,Own,YearLess1,Unskilled,StoreCard,2,None,Other,4526,0.04
Bad,Neutral,NoAccount,VeryLow,25,Rent,Years1_4,Unskilled,BankCard,1,None,Other,2210,0.02
Good,Neutral,NoAccount,Medium,20,Rent,Years1_4,Skilled,None,1,None,Other,2221,0.02
Good,Neutral,VeryLow,VeryLow,27,Own,YearLess1,Skilled,StoreCard,1,None,Other,2389,0.04
Good,VeryPoor,NoAccount,VeryLow,42,Own,YearsMore7,Skilled,StoreCard,1,None,Other,3331,0.02
Good,Neutral,NoAccount,NoAccount,37,Own,YearsMore7,Skilled,None,2,None,Business,7409,0.03
Good,Neutral,VeryLow,VeryLow,24,Rent,YearsMore7,Skilled,None,1,None,Other,652,0.04
Good,Poor,NoAccount,Medium,40,Own,Years4_7,Skilled,None,2,None,Other,7678,0.02
Good,VeryPoor,High,VeryLow,46,Own,YearsMore7,Skilled,None,2,None,CarNew,1343,0.01
Good,VeryPoor,VeryLow,Low,26,Own,Years4_7,Skilled,None,2,None,Business,1382,0.04
Good,Neutral,NoAccount,NoAccount,24,Own,YearLess1,Skilled,None,1,None,Other,874,0.04
Good,Neutral,VeryLow,VeryLow,29,Own,Years1_4,Unskilled,None,1,CoApplicant,Other,3590,0.02
Good,VeryPoor,Low,High,40,Own,Years1_4,Skilled,None,2,None,CarNew,1322,0.04
Good,Good,VeryLow,VeryLow,36,Other,YearLess1,HighlySkilled,BankCard,1,CoApplicant,Other,1940,0.03
Good,Neutral,NoAccount,VeryLow,28,Own,YearsMore7,Skilled,None,1,None,Other,3595,0.04
Bad,Neutral,VeryLow,VeryLow,27,Other,YearLess1,HighlySkilled,None,1,None,CarNew,1422,0.03
Good,VeryPoor,NoAccount,NoAccount,36,Own,Years4_7,Skilled,None,2,None,Other,6742,0.02
Good,Neutral,NoAccount,VeryLow,38,Own,Years4_7,HighlySkilled,None,1,None,CarUsed,7814,0.03
Good,Neutral,NoAccount,NoAccount,48,Other,Years1_4,Skilled,None,1,None,CarUsed,9277,0.02
Good,VeryPoor,Low,NoAccount,36,Own,YearsMore7,Skilled,None,2,None,CarNew,2181,0.04
Good,VeryPoor,NoAccount,VeryLow,65,Own,Unemployed,Unemployed,None,2,None,Other,1098,0.04
Bad,Neutral,Low,VeryLow,43,Own,Years4_7,Skilled,None,1,None,Other,4057,0.03
Bad,Neutral,VeryLow,VeryLow,53,Own,YearLess1,Skilled,None,1,None,Education,795,0.04
Good,VeryPoor,Low,NoAccount,34,Own,Years4_7,Skilled,None,2,None,Business,2825,0.04
Bad,Neutral,Low,VeryLow,23,Own,Years1_4,Skilled,None,1,None,Business,15672,0.02
Good,VeryPoor,NoAccount,VeryLow,34,Own,YearsMore7,HighlySkilled,None,2,None,CarNew,6614,0.04
Good,Good,NoAccount,NoAccount,40,Rent,YearLess1,Skilled,BankCard,2,Guarantor,CarUsed,7824,0.03
Good,VeryPoor,VeryLow,VeryLow,43,Own,YearsMore7,HighlySkilled,StoreCard,4,None,Business,2442,0.04
Good,VeryPoor,NoAccount,VeryLow,46,Own,YearsMore7,Skilled,None,2,None,Other,1829,0.04
Good,VeryPoor,VeryLow,VeryLow,38,Own,Years1_4,Unskilled,BankCard,2,None,CarNew,2171,0.04
Good,VeryPoor,Low,VeryLow,34,Own,Years1_4,Skilled,None,2,None,CarUsed,5800,0.03
Good,VeryPoor,NoAccount,NoAccount,29,Own,Years1_4,Skilled,None,2,None,Other,1169,0.04
Good,Poor,NoAccount,NoAccount,31,Own,Years4_7,HighlySkilled,StoreCard,1,None,CarUsed,8947,0.03
Good,Neutral,VeryLow,VeryLow,28,Rent,YearLess1,HighlySkilled,None,1,None,Other,2606,0.04
Good,VeryPoor,NoAccount,High,35,Own,Years4_7,Skilled,None,1,None,Other,1592,0.03
Good,Neutral,NoAccount,NoAccount,33,Rent,Years4_7,Unskilled,BankCard,1,None,Other,2186,0.01
Bad,Neutral,VeryLow,VeryLow,42,Own,Years1_4,Skilled,None,1,CoApplicant,Other,4153,0.02
Bad,VeryPoor,VeryLow,VeryLow,43,Rent,YearsMore7,Skilled,BankCard,1,Guarantor,CarNew,2625,0.02
Good,VeryPoor,NoAccount,NoAccount,44,Own,YearLess1,Skilled,None,2,None,CarNew,3485,0.02
Good,VeryPoor,NoAccount,NoAccount,42,Other,YearsMore7,Skilled,None,2,None,CarUsed,10477,0.02
Good,Neutral,NoAccount,NoAccount,40,Rent,Years1_4,Skilled,None,1,None,Other,1386,0.04
Good,Neutral,NoAccount,VeryLow,36,Own,YearsMore7,HighlySkilled,None,1,None,Other,1278,0.04
Good,Neutral,VeryLow,VeryLow,20,Rent,Years1_4,HighlySkilled,None,1,None,Other,1107,0.02
Good,Neutral,VeryLow,NoAccount,24,Own,Years4_7,Unskilled,None,1,CoApplicant,CarNew,3763,0.02
Good,Neutral,Low,NoAccount,27,Own,Years1_4,Skilled,None,1,None,Education,3711,0.02
Good,Poor,NoAccount,VeryLow,46,Own,YearLess1,Unskilled,None,2,None,CarUsed,3594,0.01
Good,Neutral,Low,NoAccount,33,Own,Years1_4,Unskilled,None,1,None,CarNew,3195,0.01
Good,Poor,NoAccount,VeryLow,34,Own,Years1_4,Skilled,None,2,None,Other,4454,0.04
Bad,VeryPoor,Low,VeryLow,25,Own,YearLess1,Unskilled,BankCard,1,None,Other,4736,0.02
Good,Neutral,Low,NoAccount,25,Own,YearsMore7,Skilled,None,1,None,Other,2991,0.02
Good,Neutral,NoAccount,High,28,Own,YearsMore7,Skilled,None,1,None,Business,2142,0.01
Bad,Good,VeryLow,VeryLow,31,Rent,Years1_4,Skilled,None,1,None,Business,3161,0.04
Bad,VeryGood,Low,VeryLow,32,Own,Years1_4,HighlySkilled,BankCard,1,None,Other,18424,0.01
Good,Neutral,NoAccount,Low,32,Own,Years1_4,Skilled,None,1,CoApplicant,CarUsed,2848,0.01
Bad,Neutral,VeryLow,VeryLow,68,Own,YearsMore7,HighlySkilled,BankCard,1,None,CarNew,14896,0.01
Bad,Neutral,VeryLow,Low,33,Own,Unemployed,Skilled,None,1,None,Other,2359,0.01
Bad,Neutral,VeryLow,VeryLow,39,Rent,YearsMore7,HighlySkilled,None,1,None,Other,3345,0.04
Good,VeryPoor,NoAccount,VeryLow,28,Own,Years1_4,Skilled,None,2,None,Other,1817,0.04
Good,Poor,NoAccount,Medium,37,Own,Years4_7,HighlySkilled,None,1,None,Other,12749,0.04
Bad,Neutral,VeryLow,VeryLow,22,Rent,YearLess1,Skilled,None,1,None,Other,1366,0.03
Good,Neutral,Low,VeryLow,30,Rent,Years4_7,Skilled,None,1,None,CarNew,2002,0.03
Bad,Good,VeryLow,VeryLow,55,Own,YearLess1,Skilled,BankCard,1,None,Other,6872,0.02
Bad,Good,VeryLow,VeryLow,46,Own,YearLess1,Skilled,BankCard,2,None,CarNew,697,0.04
Good,VeryPoor,VeryLow,VeryLow,21,Rent,YearLess1,Skilled,None,1,None,Other,1049,0.04
Bad,Neutral,VeryLow,VeryLow,39,Other,Years4_7,Skilled,StoreCard,3,None,CarUsed,10297,0.04
Good,Neutral,NoAccount,NoAccount,58,Own,YearsMore7,Skilled,None,1,None,Other,1867,0.04
Good,Poor,VeryLow,VeryLow,43,Own,Years1_4,Unskilled,None,2,None,CarNew,1344,0.04
Good,Neutral,VeryLow,VeryLow,24,Own,YearLess1,Unskilled,None,1,CoApplicant,Other,1747,0.04
Bad,Neutral,Low,VeryLow,22,Own,YearLess1,Skilled,None,1,None,Other,1670,0.04
Good,VeryPoor,NoAccount,VeryLow,30,Own,Years1_4,Skilled,None,2,None,CarNew,1224,0.03
Good,VeryPoor,NoAccount,Medium,42,Own,YearsMore7,Skilled,None,2,None,Other,522,0.04
Good,Neutral,VeryLow,VeryLow,23,Own,Years1_4,Skilled,BankCard,1,None,Other,1498,0.04
Bad,Poor,Low,Low,30,Own,YearLess1,HighlySkilled,StoreCard,2,None,Other,1919,0.04
Bad,Neutral,High,VeryLow,28,Own,Years1_4,Unskilled,None,1,None,Other,745,0.03
Good,Neutral,Low,VeryLow,30,Rent,YearLess1,HighlySkilled,None,1,None,Other,2063,0.04
Bad,Neutral,Low,VeryLow,42,Other,Years1_4,Skilled,None,1,None,Education,6288,0.04
Good,VeryPoor,NoAccount,NoAccount,46,Own,Years1_4,HighlySkilled,None,2,None,CarUsed,6842,0.02
Good,Neutral,NoAccount,NoAccount,45,Own,YearLess1,HighlySkilled,None,1,None,CarNew,3527,0.02
Good,Neutral,NoAccount,VeryLow,31,Own,Years1_4,Unskilled,None,1,None,CarNew,1546,0.03
Good,Neutral,NoAccount,NoAccount,31,Own,Years4_7,Skilled,StoreCard,1,None,Other,929,0.04
Good,VeryPoor,NoAccount,VeryLow,42,Own,Years4_7,Unskilled,None,3,None,CarNew,1455,0.02
Good,Neutral,VeryLow,VeryLow,46,Rent,YearLess1,Skilled,None,1,Guarantor,Other,1845,0.04
Good,VeryGood,Low,Medium,30,Own,YearLess1,Skilled,None,2,None,CarNew,8358,0.01
Bad,Good,VeryLow,Medium,30,Other,YearLess1,Skilled,None,1,None,Other,3349,0.04
Good,Neutral,NoAccount,NoAccount,38,Own,Unemployed,HighlySkilled,None,1,None,CarNew,2859,0.04
Bad,Neutral,NoAccount,VeryLow,43,Own,YearLess1,Unskilled,None,1,CoApplicant,Other,1533,0.04
Bad,Neutral,NoAccount,Low,31,Own,YearsMore7,Skilled,None,2,None,Other,3621,0.02
Good,VeryPoor,Low,VeryLow,40,Own,Unemployed,Unemployed,None,3,None,Business,3590,0.03
Bad,Poor,VeryLow,VeryLow,24,Own,Years4_7,Skilled,None,2,None,Business,2145,0.02
Bad,Neutral,Low,Medium,28,Rent,YearLess1,Skilled,None,1,None,CarUsed,4113,0.03
Bad,Neutral,NoAccount,VeryLow,26,Own,Unemployed,HighlySkilled,None,2,None,Other,10974,0.04
Good,Neutral,VeryLow,VeryLow,29,Own,Years1_4,Skilled,None,1,Guarantor,CarNew,1893,0.04
Good,VeryPoor,VeryLow,High,57,Rent,YearsMore7,HighlySkilled,None,2,None,Other,1231,0.04
Good,VeryPoor,High,NoAccount,49,Own,YearsMore7,Unskilled,StoreCard,2,None,Other,3656,0.04
Good,VeryPoor,Low,VeryLow,37,Own,YearsMore7,Unskilled,None,3,None,Other,1154,0.02
Bad,Neutral,VeryLow,VeryLow,45,Own,Years1_4,Unskilled,None,1,None,CarNew,4006,0.03
Good,Neutral,Low,Low,30,Other,YearsMore7,Skilled,None,1,None,Other,3069,0.04
Good,VeryPoor,NoAccount,VeryLow,30,Rent,YearsMore7,Skilled,None,2,None,Other,1740,0.02
Good,Poor,Low,VeryLow,47,Own,Years1_4,Skilled,None,2,None,CarNew,2353,0.01
Good,Neutral,NoAccount,NoAccount,29,Own,Years1_4,Skilled,None,1,None,CarNew,3556,0.03
Bad,Neutral,NoAccount,Medium,35,Own,YearsMore7,Skilled,BankCard,2,None,Other,2397,0.03
Good,Neutral,Low,VeryLow,22,Own,YearLess1,Unskilled,None,1,None,Repairs,454,0.03
Good,Neutral,Low,NoAccount,26,Own,Years1_4,Skilled,None,1,None,Other,1715,0.04
Bad,VeryPoor,Low,Medium,23,Own,Years1_4,Unskilled,None,2,None,Other,2520,0.04
Good,Neutral,NoAccount,VeryLow,54,Rent,YearsMore7,HighlySkilled,BankCard,1,None,Other,3568,0.04
Good,Neutral,NoAccount,NoAccount,29,Rent,Years4_7,Skilled,None,1,None,Other,7166,0.02
Good,VeryPoor,VeryLow,VeryLow,40,Own,Years1_4,Unskilled,None,2,None,CarNew,3939,0.01
Good,Neutral,Low,Low,22,Own,Years1_4,Skilled,None,1,Guarantor,Repairs,1514,0.04
Good,Neutral,NoAccount,VeryLow,43,Own,Years1_4,Unskilled,None,1,None,CarNew,7393,0.01
Bad,Good,VeryLow,VeryLow,29,Rent,Unemployed,Unemployed,None,2,CoApplicant,CarNew,1193,0.01
Bad,Neutral,VeryLow,VeryLow,36,Rent,YearsMore7,Skilled,None,1,CoApplicant,Business,7297,0.04
Good,VeryPoor,NoAccount,VeryLow,33,Own,Years1_4,Skilled,None,1,None,Other,2831,0.04
Good,Neutral,High,Medium,57,Own,Years1_4,Unskilled,None,1,None,Other,1258,0.03
Good,Neutral,Low,VeryLow,64,Own,Years1_4,Skilled,None,1,Guarantor,Other,753,0.02
Good,Poor,Low,NoAccount,42,Own,YearsMore7,Skilled,None,2,None,Business,2427,0.04
Bad,Poor,NoAccount,VeryLow,47,Own,YearsMore7,Unskilled,None,2,None,CarNew,2538,0.04
Bad,Good,Low,Low,25,Rent,Years1_4,Skilled,None,1,None,CarNew,1264,0.02
Bad,VeryPoor,Low,VeryLow,49,Own,Years4_7,Skilled,None,1,None,Other,8386,0.02
Bad,Neutral,NoAccount,VeryLow,33,Rent,Unemployed,HighlySkilled,BankCard,1,None,Business,4844,0.03
Good,Neutral,High,Low,28,Own,Years1_4,HighlySkilled,BankCard,1,None,CarNew,2923,0.01
Bad,Neutral,VeryLow,VeryLow,26,Own,Years1_4,Skilled,None,1,None,CarUsed,8229,0.02
Good,VeryPoor,NoAccount,VeryLow,30,Own,Years4_7,Unskilled,None,2,None,Other,2028,0.02
Good,VeryPoor,VeryLow,VeryLow,25,Rent,Years1_4,Skilled,None,2,None,Other,1433,0.04
Good,VeryGood,High,VeryLow,33,Own,YearLess1,Skilled,None,2,None,Business,6289,0.02
Good,Neutral,NoAccount,Low,64,Own,Unemployed,Skilled,None,1,None,Other,1409,0.02
Good,Neutral,VeryLow,VeryLow,29,Other,Unemployed,HighlySkilled,None,1,None,CarUsed,6579,0.04
Good,VeryPoor,Low,VeryLow,48,Own,YearsMore7,Unskilled,None,2,None,Other,1743,0.04
Good,VeryPoor,NoAccount,NoAccount,37,Own,YearLess1,Unskilled,None,2,None,Education,3565,0.02
Good,Good,NoAccount,Low,34,Own,YearsMore7,Unskilled,BankCard,1,None,Other,1569,0.04
Good,Neutral,VeryLow,NoAccount,23,Rent,Years4_7,Unskilled,None,2,None,Other,1936,0.02
Good,Neutral,VeryLow,VeryLow,30,Own,Unemployed,HighlySkilled,None,1,None,Other,3959,0.04
Good,Neutral,NoAccount,NoAccount,50,Own,YearsMore7,Skilled,None,1,None,CarNew,2390,0.04
Good,Neutral,NoAccount,VeryLow,31,Own,Years4_7,Unskilled,None,1,None,Other,1736,0.03
Good,Neutral,VeryLow,VeryLow,40,Own,Years1_4,HighlySkilled,None,1,None,CarUsed,3857,0.04
Good,Neutral,NoAccount,VeryLow,38,Own,YearsMore7,Skilled,None,1,None,Other,804,0.04
Bad,Neutral,VeryLow,VeryLow,23,Other,Years1_4,Skilled,None,1,None,Other,1845,0.04
Good,VeryPoor,Low,Low,27,Own,Unemployed,Skilled,None,1,None,CarUsed,4576,0.03
